Dist,Incumbent_x,PVI,Clinton %,Trump %,Obama %,Romney %,split_x,state,num,District,2017 CPVI,Incumbent_y,Last result,Cook,IE,Sabato,Politico,Daily Kos,RCP,Niskanen,Safe R,Likely R,Lean R,Tilt R,Tossup,Safe D,Likely D,Lean D,Tilt D,Consensus,Max,Confidence,split_y
AL-01,Bradley Byrne (R),R+15,33.8,63.0,37.3,61.7,"['AL', '01']",AL,1,,,,,,,,,,,,,,,,,,,,,,,,
AL-02,Martha Roby (R),R+16,32.8,64.5,36.4,62.8,"['AL', '02']",AL,2,,,,,,,,,,,,,,,,,,,,,,,,
AL-03,Mike Rogers (R),R+16,31.9,64.8,36.7,62.2,"['AL', '03']",AL,3,,,,,,,,,,,,,,,,,,,,,,,,
AL-04,Robert Aderholt (R),R+30,17.3,79.8,23.9,74.7,"['AL', '04']",AL,4,,,,,,,,,,,,,,,,,,,,,,,,
AL-05,Mo Brooks (R),R+18,30.9,63.7,34.8,63.7,"['AL', '05']",AL,5,,,,,,,,,,,,,,,,,,,,,,,,
AL-06,Gary Palmer (R),R+26,25.8,69.6,24.6,74.3,"['AL', '06']",AL,6,,,,,,,,,,,,,,,,,,,,,,,,
AL-07,Terri Sewell (D),D+20,69.5,28.3,72.5,27.0,"['AL', '07']",AL,7,,,,,,,,,,,,,,,,,,,,,,,,
AK-AL,Don Young (R),R+9,36.6,51.3,40.8,54.8,"['AK', 'AL']",AK,0,Alaska at-large,R+9,Don Young  (R),53.1% R,Lean R,Likely R,Likely R,Likely R,Likely R,Likely R,Lean R,0.0,5.0,2.0,0.0,0.0,0.0,0.0,0.0,0.0,Likely R,5.0,0.7142857142857143,"['Alaska', 'at-large']"
AZ-01,Tom O'Halleran (D),R+2,46.0,47.0,47.9,50.4,"['AZ', '01']",AZ,1,Arizona 1,R+2,Tom O'Halleran  (D),53.8% D,Lean D,Likely D,Likely D,Lean D,Lean D,Lean D,Safe D,0.0,0.0,0.0,0.0,0.0,1.0,2.0,4.0,0.0,Lean D,4.0,0.5714285714285714,"['Arizona', '1']"
AZ-02,Ann Kirkpatrick (D),R+1,48.7,43.9,48.4,49.9,"['AZ', '02']",AZ,2,Arizona 2,R+1,Ann Kirkpatrick  (D),54.7% D,Safe D,Safe D,Likely D,Likely D,Safe D,Lean D,Safe D,0.0,0.0,0.0,0.0,0.0,4.0,2.0,1.0,0.0,Safe D,4.0,0.5714285714285714,"['Arizona', '2']"
AZ-03,Raul Grijalva (D),D+13,61.6,32.1,61.4,36.9,"['AZ', '03']",AZ,3,,,,,,,,,,,,,,,,,,,,,,,,
AZ-04,Paul Gosar (R),R+21,27.0,66.4,31.0,67.2,"['AZ', '04']",AZ,4,,,,,,,,,,,,,,,,,,,,,,,,
AZ-05,Andy Biggs (R),R+15,35.5,56.1,34.6,63.8,"['AZ', '05']",AZ,5,,,,,,,,,,,,,,,,,,,,,,,,
AZ-06,David Schweikert (R),R+9,41.7,51.6,38.8,59.5,"['AZ', '06']",AZ,6,Arizona 6,R+9,David Schweikert  (R),55.2% R,Tossup,Lean R,Lean R,Lean R,Lean R,Lean R,Tossup,0.0,0.0,5.0,0.0,2.0,0.0,0.0,0.0,0.0,Lean R,5.0,0.7142857142857143,"['Arizona', '6']"
AZ-07,Ruben Gallego (D),D+23,70.6,22.3,71.7,26.5,"['AZ', '07']",AZ,7,,,,,,,,,,,,,,,,,,,,,,,,
AZ-08,Debbie Lesko (R),R+13,36.4,57.1,36.9,61.7,"['AZ', '08']",AZ,8,Arizona 8,R+13,Debbie Lesko  (R),55.5% R,Safe R,Safe R,Safe R,Likely R,Safe R,Safe R,Safe R,6.0,1.0,0.0,0.0,0.0,0.0,0.0,0.0,0.0,Safe R,6.0,0.8571428571428571,"['Arizona', '8']"
AZ-09,Greg Stanton (D),D+4,53.5,37.6,51.1,46.6,"['AZ', '09']",AZ,9,,,,,,,,,,,,,,,,,,,,,,,,
AR-01,Rick Crawford (R),R+17,30.2,65.0,36.3,61.0,"['AR', '01']",AR,1,,,,,,,,,,,,,,,,,,,,,,,,
AR-02,French Hill (R),R+7,41.7,52.4,42.9,54.8,"['AR', '02']",AR,2,Arkansas 2,R+7,French Hill  (R),52.1% R,Likely R,Likely R,Lean R,Likely R,Likely R,Likely R,Lean R,0.0,5.0,2.0,0.0,0.0,0.0,0.0,0.0,0.0,Likely R,5.0,0.7142857142857143,"['Arkansas', '2']"
AR-03,Steve Womack (R),R+19,30.5,61.9,31.6,65.5,"['AR', '03']",AR,3,,,,,,,,,,,,,,,,,,,,,,,,
AR-04,Bruce Westerman (R),R+17,31.3,64.2,35.9,61.8,"['AR', '04']",AR,4,,,,,,,,,,,,,,,,,,,,,,,,
CA-01,Doug LaMalfa (R),R+11,36.0,55.4,40.1,56.4,"['CA', '01']",CA,1,California 1,R+11,Doug LaMalfa  (R),54.9% R,Safe R,Safe R,Safe R,Likely R,Safe R,Likely R,Safe R,5.0,2.0,0.0,0.0,0.0,0.0,0.0,0.0,0.0,Safe R,5.0,0.7142857142857143,"['California', '1']"
CA-02,Jared Huffman (D),D+22,68.3,23.1,68.9,26.9,"['CA', '02']",CA,2,,,,,,,,,,,,,,,,,,,,,,,,
CA-03,John Garamendi (D),D+5,52.6,40.1,54.3,43.1,"['CA', '03']",CA,3,California 3,D+5,John Garamendi  (D),58.1% D,Safe D,Safe D,Safe D,Likely D,Safe D,Likely D,Safe D,0.0,0.0,0.0,0.0,0.0,5.0,2.0,0.0,0.0,Safe D,5.0,0.7142857142857143,"['California', '3']"
CA-04,Tom McClintock (R),R+10,38.5,53.0,39.5,57.8,"['CA', '04']",CA,4,California 4,R+10,Tom McClintock  (R),54.1% R,Likely R,Safe R,Safe R,Likely R,Safe R,Safe R,Likely R,4.0,3.0,0.0,0.0,0.0,0.0,0.0,0.0,0.0,Safe R,4.0,0.5714285714285714,"['California', '4']"
CA-05,Mike Thompson (D),D+21,68.8,24.2,69.7,27.4,"['CA', '05']",CA,5,,,,,,,,,,,,,,,,,,,,,,,,
CA-06,Doris Matsui (D),D+21,68.0,24.0,69.1,28.3,"['CA', '06']",CA,6,,,,,,,,,,,,,,,,,,,,,,,,
CA-07,Ami Bera (D),D+3,51.4,40.1,50.8,46.8,"['CA', '07']",CA,7,California 7,D+3,Ami Bera  (D),55.1% D,Safe D,Safe D,Safe D,Likely D,Safe D,Likely D,Safe D,0.0,0.0,0.0,0.0,0.0,5.0,2.0,0.0,0.0,Safe D,5.0,0.7142857142857143,"['California', '7']"
CA-08,Paul Cook (R),R+9,39.6,54.7,41.7,55.6,"['CA', '08']",CA,8,,,,,,,,,,,,,,,,,,,,,,,,
CA-09,Jerry McNerney (D),D+8,55.3,37.2,57.8,40.1,"['CA', '09']",CA,9,California 9,D+8,Jerry McNerney  (D),56.5% D,Safe D,Safe D,Safe D,Likely D,Safe D,Safe D,Safe D,0.0,0.0,0.0,0.0,0.0,6.0,1.0,0.0,0.0,Safe D,6.0,0.8571428571428571,"['California', '9']"
CA-10,Josh Harder (D),EVEN,47.9,44.9,50.5,46.9,"['CA', '10']",CA,10,California 10,EVEN,Josh Harder  (D),52.3% D,Likely D,Safe D,Safe D,Likely D,Likely D,Lean D,Safe D,0.0,0.0,0.0,0.0,0.0,3.0,3.0,1.0,0.0,Likely D,3.0,0.42857142857142855,"['California', '10']"
CA-11,Mark DeSaulnier (D),D+21,69.7,22.1,67.6,30.0,"['CA', '11']",CA,11,,,,,,,,,,,,,,,,,,,,,,,,
CA-12,Nancy Pelosi (D),D+37,85.2,8.6,84.1,12.5,"['CA', '12']",CA,12,,,,,,,,,,,,,,,,,,,,,,,,
CA-13,Barbara Lee (D),D+40,86.0,6.7,87.5,9.0,"['CA', '13']",CA,13,,,,,,,,,,,,,,,,,,,,,,,,
CA-14,Jackie Speier (D),D+27,76.8,18.2,74.2,23.6,"['CA', '14']",CA,14,,,,,,,,,,,,,,,,,,,,,,,,
CA-15,Eric Swalwell (D),D+20,68.6,23.7,68.0,29.8,"['CA', '15']",CA,15,,,,,,,,,,,,,,,,,,,,,,,,
CA-16,Jim Costa (D),D+9,57.2,35.9,58.5,39.3,"['CA', '16']",CA,16,California 16,D+9,Jim Costa  (D),57.5% D,Safe D,Safe D,Safe D,Likely D,Safe D,Safe D,Safe D,0.0,0.0,0.0,0.0,0.0,6.0,1.0,0.0,0.0,Safe D,6.0,0.8571428571428571,"['California', '16']"
CA-17,Ro Khanna (D),D+25,73.6,20.4,71.9,25.5,"['CA', '17']",CA,17,,,,,,,,,,,,,,,,,,,,,,,,
CA-18,Anna Eshoo (D),D+23,73.4,20.2,68.2,28.9,"['CA', '18']",CA,18,,,,,,,,,,,,,,,,,,,,,,,,
CA-19,Zoe Lofgren (D),D+24,72.9,21.5,71.2,26.5,"['CA', '19']",CA,19,,,,,,,,,,,,,,,,,,,,,,,,
CA-20,Jimmy Panetta (D),D+23,69.9,23.1,70.8,26.2,"['CA', '20']",CA,20,,,,,,,,,,,,,,,,,,,,,,,,
CA-21,T.J. Cox (D),D+5,54.7,39.3,54.6,43.5,"['CA', '21']",CA,21,California 21,D+5,TJ Cox  (D),50.4% D,Tossup,Tilt D,Lean D,Tossup,Lean D,Tossup,Likely D,0.0,0.0,0.0,0.0,3.0,0.0,1.0,2.0,1.0,Tossup,3.0,0.42857142857142855,"['California', '21']"
CA-22,Devin Nunes (R),R+8,41.9,51.3,41.6,56.6,"['CA', '22']",CA,22,California 22,R+8,Devin Nunes  (R),52.7% R,Likely R,Safe R,Safe R,Likely R,Safe R,Likely R,Likely R,3.0,4.0,0.0,0.0,0.0,0.0,0.0,0.0,0.0,Likely R,4.0,0.5714285714285714,"['California', '22']"
CA-23,Kevin McCarthy (R),R+14,35.8,57.7,36.1,61.5,"['CA', '23']",CA,23,,,,,,,,,,,,,,,,,,,,,,,,
CA-24,Salud Carbajal (D),D+7,55.9,36.0,53.9,43.0,"['CA', '24']",CA,24,California 24,D+7,Salud Carbajal  (D),58.6% D,Safe D,Safe D,Safe D,Likely D,Safe D,Safe D,Safe D,0.0,0.0,0.0,0.0,0.0,6.0,1.0,0.0,0.0,Safe D,6.0,0.8571428571428571,"['California', '24']"
CA-25,Katie Hill (D),EVEN,50.1,43.4,47.9,49.7,"['CA', '25']",CA,25,California 25,EVEN,Mike Garcia  (R),54.9% R,Tossup,Tilt D  (flip),Tossup,Tossup,Tossup,Tossup,Likely D  (flip),0.0,0.0,0.0,0.0,5.0,0.0,1.0,0.0,1.0,Tossup,5.0,0.7142857142857143,"['California', '25']"
CA-26,Julia Brownley (D),D+7,56.6,35.2,54.0,43.7,"['CA', '26']",CA,26,,,,,,,,,,,,,,,,,,,,,,,,
CA-27,Judy Chu (D),D+16,66.0,28.4,62.6,35.0,"['CA', '27']",CA,27,,,,,,,,,,,,,,,,,,,,,,,,
CA-28,Adam Schiff (D),D+23,72.1,22.3,70.3,26.5,"['CA', '28']",CA,28,,,,,,,,,,,,,,,,,,,,,,,,
CA-29,Tony Cardenas (D),D+29,77.7,16.8,77.0,20.5,"['CA', '29']",CA,29,,,,,,,,,,,,,,,,,,,,,,,,
CA-30,Brad Sherman (D),D+18,69.1,25.7,65.3,32.1,"['CA', '30']",CA,30,,,,,,,,,,,,,,,,,,,,,,,,
CA-31,Pete Aguilar (D),D+8,57.7,36.6,57.2,40.6,"['CA', '31']",CA,31,California 31,D+8,Pete Aguilar  (D),58.7% D,Safe D,Safe D,Safe D,Likely D,Safe D,Safe D,Safe D,0.0,0.0,0.0,0.0,0.0,6.0,1.0,0.0,0.0,Safe D,6.0,0.8571428571428571,"['California', '31']"
CA-32,Grace Napolitano (D),D+17,66.6,27.7,65.2,32.5,"['CA', '32']",CA,32,,,,,,,,,,,,,,,,,,,,,,,,
CA-33,Ted Lieu (D),D+16,67.8,26.5,60.6,36.8,"['CA', '33']",CA,33,,,,,,,,,,,,,,,,,,,,,,,,
CA-34,Jimmy Gomez (D),D+35,83.6,10.7,83.0,14.1,"['CA', '34']",CA,34,,,,,,,,,,,,,,,,,,,,,,,,
CA-35,Norma Torres (D),D+19,67.7,26.9,67.4,30.6,"['CA', '35']",CA,35,,,,,,,,,,,,,,,,,,,,,,,,
CA-36,Raul Ruiz (D),D+2,52.2,43.4,50.7,47.5,"['CA', '36']",CA,36,California 36,D+2,Raul Ruiz  (D),59.0% D,Safe D,Safe D,Safe D,Likely D,Safe D,Safe D,Safe D,0.0,0.0,0.0,0.0,0.0,6.0,1.0,0.0,0.0,Safe D,6.0,0.8571428571428571,"['California', '36']"
CA-37,Karen Bass (D),D+37,85.7,9.6,84.9,12.7,"['CA', '37']",CA,37,,,,,,,,,,,,,,,,,,,,,,,,
CA-38,Linda Sanchez (D),D+17,67.0,27.4,64.9,33.0,"['CA', '38']",CA,38,,,,,,,,,,,,,,,,,,,,,,,,
CA-39,Gil Cisneros (D),EVEN,51.1,42.6,47.1,50.8,"['CA', '39']",CA,39,California 39,EVEN,Gil Cisneros  (D),51.6% D,Likely D,Likely D,Lean D,Tossup,Lean D,Tossup,Safe D,0.0,0.0,0.0,0.0,2.0,1.0,2.0,2.0,0.0,Lean D,2.0,0.2857142857142857,"['California', '39']"
CA-40,Lucille Roybal-Allard (D),D+33,82.2,12.8,81.5,16.5,"['CA', '40']",CA,40,,,,,,,,,,,,,,,,,,,,,,,,
CA-41,Mark Takano (D),D+12,61.0,33.1,61.5,36.3,"['CA', '41']",CA,41,,,,,,,,,,,,,,,,,,,,,,,,
CA-42,Ken Calvert (R),R+9,41.4,53.4,41.4,56.5,"['CA', '42']",CA,42,California 42,R+9,Ken Calvert  (R),56.5% R,Safe R,Safe R,Safe R,Likely R,Safe R,Likely R,Safe R,5.0,2.0,0.0,0.0,0.0,0.0,0.0,0.0,0.0,Safe R,5.0,0.7142857142857143,"['California', '42']"
CA-43,Maxine Waters (D),D+29,78.4,16.7,78.0,20.0,"['CA', '43']",CA,43,,,,,,,,,,,,,,,,,,,,,,,,
CA-44,Nanette Barragan (D),D+35,83.0,12.3,84.7,13.6,"['CA', '44']",CA,44,,,,,,,,,,,,,,,,,,,,,,,,
CA-45,Katie Porter (D),R+3,49.4,44.0,43.0,54.8,"['CA', '45']",CA,45,California 45,R+3,Katie Porter  (D),52.1% D,Safe D,Safe D,Safe D,Likely D,Likely D,Lean D,Safe D,0.0,0.0,0.0,0.0,0.0,4.0,2.0,1.0,0.0,Safe D,4.0,0.5714285714285714,"['California', '45']"
CA-46,Lou Correa (D),D+15,65.6,27.6,61.4,36.2,"['CA', '46']",CA,46,,,,,,,,,,,,,,,,,,,,,,,,
CA-47,Alan Lowenthal (D),D+13,62.4,30.9,60.0,37.5,"['CA', '47']",CA,47,,,,,,,,,,,,,,,,,,,,,,,,
CA-48,Harley Rouda (D),R+4,47.5,45.8,43.0,54.7,"['CA', '48']",CA,48,California 48,R+4,Harley Rouda  (D),53.6% D,Lean D,Lean D,Lean D,Tossup,Lean D,Lean D,Likely D,0.0,0.0,0.0,0.0,1.0,0.0,1.0,5.0,0.0,Lean D,5.0,0.7142857142857143,"['California', '48']"
CA-49,Mike Levin (D),R+1,50.5,43.1,45.7,52.3,"['CA', '49']",CA,49,California 49,R+1,Mike Levin  (D),56.4% D,Safe D,Safe D,Safe D,Likely D,Safe D,Safe D,Safe D,0.0,0.0,0.0,0.0,0.0,6.0,1.0,0.0,0.0,Safe D,6.0,0.8571428571428571,"['California', '49']"
CA-50,Duncan Hunter (R),R+11,39.6,54.6,37.6,60.4,"['CA', '50']",CA,50,California 50,R+11,Vacant,51.7% R,Safe R,Likely R,Safe R,Lean R,Safe R,Likely R,Safe R,4.0,2.0,1.0,0.0,0.0,0.0,0.0,0.0,0.0,Safe R,4.0,0.5714285714285714,"['California', '50']"
CA-51,Juan Vargas (D),D+22,71.7,22.7,69.4,28.9,"['CA', '51']",CA,51,,,,,,,,,,,,,,,,,,,,,,,,
CA-52,Scott Peters (D),D+6,58.1,35.6,52.1,45.7,"['CA', '52']",CA,52,,,,,,,,,,,,,,,,,,,,,,,,
CA-53,Susan Davis (D),D+14,64.5,29.6,61.4,36.4,"['CA', '53']",CA,53,,,,,,,,,,,,,,,,,,,,,,,,
CO-01,Diana DeGette (D),D+21,69.1,23.3,69.0,28.9,"['CO', '01']",CO,1,,,,,,,,,,,,,,,,,,,,,,,,
CO-02,Joe Neguse (D),D+9,56.3,35.0,58.0,39.5,"['CO', '02']",CO,2,,,,,,,,,,,,,,,,,,,,,,,,
CO-03,Scott Tipton (R),R+6,40.0,52.0,45.8,51.8,"['CO', '03']",CO,3,Colorado 3,R+6,Scott Tipton  (R)  (Lost Primary),51.5% R,Likely R,Likely R,Lean R,Likely R,Lean R,Safe R,Safe R,2.0,3.0,2.0,0.0,0.0,0.0,0.0,0.0,0.0,Likely R,3.0,0.42857142857142855,"['Colorado', '3']"
CO-04,Ken Buck (R),R+13,34.3,57.4,39.3,58.6,"['CO', '04']",CO,4,,,,,,,,,,,,,,,,,,,,,,,,
CO-05,Doug Lamborn (R),R+14,33.2,57.2,38.3,59.1,"['CO', '05']",CO,5,,,,,,,,,,,,,,,,,,,,,,,,
CO-06,Jason Crow (D),D+2,50.2,41.3,51.8,46.7,"['CO', '06']",CO,6,Colorado 6,D+2,Jason Crow  (D),54.1% D,Safe D,Safe D,Safe D,Likely D,Safe D,Likely D,Safe D,0.0,0.0,0.0,0.0,0.0,5.0,2.0,0.0,0.0,Safe D,5.0,0.7142857142857143,"['Colorado', '6']"
CO-07,Ed Perlmutter (D),D+6,51.8,39.7,56.4,41.5,"['CO', '07']",CO,7,,,,,,,,,,,,,,,,,,,,,,,,
CT-01,John Larson (D),D+12,59.3,36.3,63.3,35.6,"['CT', '01']",CT,1,,,,,,,,,,,,,,,,,,,,,,,,
CT-02,Joe Courtney (D),D+3,48.6,45.7,55.9,42.6,"['CT', '02']",CT,2,Connecticut 2,D+3,Joe Courtney  (D),62.2% D,Safe D,Safe D,Safe D,Likely D,Safe D,Safe D,Safe D,0.0,0.0,0.0,0.0,0.0,6.0,1.0,0.0,0.0,Safe D,6.0,0.8571428571428571,"['Connecticut', '2']"
CT-03,Rosa DeLauro (D),D+9,55.8,40.3,62.6,36.3,"['CT', '03']",CT,3,,,,,,,,,,,,,,,,,,,,,,,,
CT-04,Jim Himes (D),D+7,59.5,36.5,55.1,44.0,"['CT', '04']",CT,4,,,,,,,,,,,,,,,,,,,,,,,,
CT-05,Jahana Hayes (D),D+2,49.9,45.8,53.5,45.3,"['CT', '05']",CT,5,Connecticut 5,D+2,Jahana Hayes  (D),55.9% D,Safe D,Safe D,Safe D,Lean D,Safe D,Likely D,Safe D,0.0,0.0,0.0,0.0,0.0,5.0,1.0,1.0,0.0,Safe D,5.0,0.7142857142857143,"['Connecticut', '5']"
DE-AL,Lisa Blunt Rochester (D),D+6,53.2,41.8,58.6,40.0,"['DE', 'AL']",DE,0,,,,,,,,,,,,,,,,,,,,,,,,
FL-01,Matt Gaetz (R),R+22,28.2,67.5,,,"['FL', '01']",FL,1,,,,,,,,,,,,,,,,,,,,,,,,
FL-02,Neal Dunn (R),R+18,30.6,66.2,,,"['FL', '02']",FL,2,,,,,,,,,,,,,,,,,,,,,,,,
FL-03,Ted Yoho (R),R+9,40.2,56.2,,,"['FL', '03']",FL,3,,,,,,,,,,,,,,,,,,,,,,,,
FL-04,John Rutherford (R),R+17,34.1,62.1,,,"['FL', '04']",FL,4,,,,,,,,,,,,,,,,,,,,,,,,
FL-05,Al Lawson (D),D+12,61.3,35.9,,,"['FL', '05']",FL,5,,,,,,,,,,,,,,,,,,,,,,,,
FL-06,Michael Waltz (R),R+7,39.9,56.9,,,"['FL', '06']",FL,6,Florida 6,R+7,Michael Waltz  (R),56.3% R,Safe R,Safe R,Safe R,Likely R,Safe R,Safe R,Safe R,6.0,1.0,0.0,0.0,0.0,0.0,0.0,0.0,0.0,Safe R,6.0,0.8571428571428571,"['Florida', '6']"
FL-07,Stephanie Murphy (D),EVEN,51.4,44.1,,,"['FL', '07']",FL,7,Florida 7,EVEN,Stephanie Murphy  (D),57.7% D,Safe D,Safe D,Safe D,Likely D,Safe D,Likely D,Safe D,0.0,0.0,0.0,0.0,0.0,5.0,2.0,0.0,0.0,Safe D,5.0,0.7142857142857143,"['Florida', '7']"
FL-08,Bill Posey (R),R+11,37.7,58.4,,,"['FL', '08']",FL,8,,,,,,,,,,,,,,,,,,,,,,,,
FL-09,Darren Soto (D),D+5,54.8,41.9,,,"['FL', '09']",FL,9,Florida 9,D+5,Darren Soto  (D),58.0% D,Safe D,Safe D,Safe D,Likely D,Safe D,Safe D,Safe D,0.0,0.0,0.0,0.0,0.0,6.0,1.0,0.0,0.0,Safe D,6.0,0.8571428571428571,"['Florida', '9']"
FL-10,Val Demings (D),D+11,61.8,34.9,,,"['FL', '10']",FL,10,,,,,,,,,,,,,,,,,,,,,,,,
FL-11,Dan Webster (R),R+15,32.5,64.8,,,"['FL', '11']",FL,11,,,,,,,,,,,,,,,,,,,,,,,,
FL-12,Gus Bilirakis (R),R+8,38.8,57.4,,,"['FL', '12']",FL,12,,,,,,,,,,,,,,,,,,,,,,,,
FL-13,Charlie Crist (D),D+2,49.6,46.4,,,"['FL', '13']",FL,13,Florida 13,D+2,Charlie Crist  (D),57.6% D,Safe D,Safe D,Likely D,Lean D,Likely D,Likely D,Safe D,0.0,0.0,0.0,0.0,0.0,3.0,3.0,1.0,0.0,Likely D,3.0,0.42857142857142855,"['Florida', '13']"
FL-14,Kathy Castor (D),D+7,57.2,39.0,,,"['FL', '14']",FL,14,,,,,,,,,,,,,,,,,,,,,,,,
FL-15,Ross Spano (R),R+6,43.1,53.1,,,"['FL', '15']",FL,15,Florida 15,R+6,Ross Spano  (R)  (Lost Primary),53.0% R,Lean R,Lean R,Lean R,Lean R,Likely R,Lean R,Lean R,0.0,1.0,6.0,0.0,0.0,0.0,0.0,0.0,0.0,Lean R,6.0,0.8571428571428571,"['Florida', '15']"
FL-16,Vern Buchanan (R),R+7,43.0,53.7,,,"['FL', '16']",FL,16,Florida 16,R+7,Vern Buchanan  (R),54.6% R,Likely R,Likely R,Likely R,Likely R,Likely R,Likely R,Likely R,0.0,7.0,0.0,0.0,0.0,0.0,0.0,0.0,0.0,Likely R,7.0,1.0,"['Florida', '16']"
FL-17,Greg Steube (R),R+13,35.0,62.2,,,"['FL', '17']",FL,17,,,,,,,,,,,,,,,,,,,,,,,,
FL-18,Brian Mast (R),R+5,44.1,53.3,,,"['FL', '18']",FL,18,Florida 18,R+5,Brian Mast  (R),54.3% R,Likely R,Safe R,Safe R,Likely R,Safe R,Safe R,Tossup,4.0,2.0,0.0,0.0,1.0,0.0,0.0,0.0,0.0,Safe R,4.0,0.5714285714285714,"['Florida', '18']"
FL-19,Francis Rooney (R),R+13,37.5,59.6,,,"['FL', '19']",FL,19,,,,,,,,,,,,,,,,,,,,,,,,
FL-20,Alcee Hastings (D),D+31,80.2,18.1,,,"['FL', '20']",FL,20,,,,,,,,,,,,,,,,,,,,,,,,
FL-21,Lois Frankel (D),D+9,58.6,39.1,,,"['FL', '21']",FL,21,,,,,,,,,,,,,,,,,,,,,,,,
FL-22,Ted Deutch (D),D+6,56.8,41.0,,,"['FL', '22']",FL,22,,,,,,,,,,,,,,,,,,,,,,,,
FL-23,Debbie Wasserman Schultz (D),D+11,61.9,35.8,,,"['FL', '23']",FL,23,,,,,,,,,,,,,,,,,,,,,,,,
FL-24,Frederica Wilson (D),D+34,82.7,15.5,,,"['FL', '24']",FL,24,,,,,,,,,,,,,,,,,,,,,,,,
FL-25,Mario Diaz-Balart (R),R+4,47.9,49.7,,,"['FL', '25']",FL,25,Florida 25,R+4,Mario Díaz-Balart  (R),60.5% R,Safe R,Safe R,Safe R,Likely R,Safe R,Likely R,Safe R,5.0,2.0,0.0,0.0,0.0,0.0,0.0,0.0,0.0,Safe R,5.0,0.7142857142857143,"['Florida', '25']"
FL-26,Debbie Mucarsel-Powell (D),D+6,56.8,40.5,,,"['FL', '26']",FL,26,Florida 26,D+6,Debbie Mucarsel-Powell  (D),50.9% D,Tossup,Tilt D,Lean D,Lean D,Tossup,Likely D,Safe D,0.0,0.0,0.0,0.0,2.0,1.0,1.0,2.0,1.0,Lean D,2.0,0.2857142857142857,"['Florida', '26']"
FL-27,Donna Shalala (D),D+5,58.6,38.9,,,"['FL', '27']",FL,27,Florida 27,D+5,Donna Shalala  (D),51.8% D,Likely D,Safe D,Likely D,Likely D,Lean D,Safe D,Safe D,0.0,0.0,0.0,0.0,0.0,3.0,3.0,1.0,0.0,Likely D,3.0,0.42857142857142855,"['Florida', '27']"
GA-01,Buddy Carter (R),R+9,40.9,56.4,43.0,55.9,"['GA', '01']",GA,1,,,,,,,,,,,,,,,,,,,,,,,,
GA-02,Sanford Bishop (D),D+6,55.0,43.3,58.6,40.8,"['GA', '02']",GA,2,Georgia 2,D+6,Sanford Bishop  (D),59.6% D,Safe D,Safe D,Safe D,Likely D,Safe D,Safe D,Safe D,0.0,0.0,0.0,0.0,0.0,6.0,1.0,0.0,0.0,Safe D,6.0,0.8571428571428571,"['Georgia', '2']"
GA-03,Drew Ferguson (R),R+18,32.8,64.3,33.0,65.9,"['GA', '03']",GA,3,,,,,,,,,,,,,,,,,,,,,,,,
GA-04,Hank Johnson (D),D+24,75.3,22.2,73.6,25.6,"['GA', '04']",GA,4,,,,,,,,,,,,,,,,,,,,,,,,
GA-05,John Lewis (D),D+34,85.0,11.9,83.1,15.8,"['GA', '05']",GA,5,,,,,,,,,,,,,,,,,,,,,,,,
GA-06,Lucy McBath (D),R+8,46.8,48.3,37.4,60.9,"['GA', '06']",GA,6,Georgia 6,R+8,Lucy McBath  (D),50.5% D,Lean D,Tilt D,Lean D,Tossup,Lean D,Tossup,Likely D,0.0,0.0,0.0,0.0,2.0,0.0,1.0,3.0,1.0,Lean D,3.0,0.42857142857142855,"['Georgia', '6']"
GA-07,Rob Woodall (R),R+9,44.8,51.1,38.4,60.2,"['GA', '07']",GA,7,Georgia 7,R+9,Rob Woodall  (R)  (Retiring),50.1% R,Lean D  (flip),Tilt D  (flip),Tossup,Tossup,Tossup,Tossup,Lean D  (flip),0.0,0.0,0.0,0.0,4.0,0.0,0.0,2.0,1.0,Tossup,4.0,0.5714285714285714,"['Georgia', '7']"
GA-08,Austin Scott (R),R+15,34.4,63.3,37.5,61.6,"['GA', '08']",GA,8,,,,,,,,,,,,,,,,,,,,,,,,
GA-09,Doug Collins (R),R+31,19.3,77.8,20.5,78.2,"['GA', '09']",GA,9,,,,,,,,,,,,,,,,,,,,,,,,
GA-10,Jody Hice (R),R+15,35.8,61.3,36.3,62.5,"['GA', '10']",GA,10,,,,,,,,,,,,,,,,,,,,,,,,
GA-11,Barry Loudermilk (R),R+17,35.3,60.3,31.5,66.9,"['GA', '11']",GA,11,,,,,,,,,,,,,,,,,,,,,,,,
GA-12,Rick Allen (R),R+9,40.7,56.9,43.7,55.4,"['GA', '12']",GA,12,,,,,,,,,,,,,,,,,,,,,,,,
GA-13,David Scott (D),D+20,71.0,26.6,69.3,30.0,"['GA', '13']",GA,13,,,,,,,,,,,,,,,,,,,,,,,,
GA-14,Tom Graves (R),R+27,22.1,75.0,25.3,73.2,"['GA', '14']",GA,14,,,,,,,,,,,,,,,,,,,,,,,,
HI-01,Ed Case (D),D+17,63.1,30.5,69.7,29.0,"['HI', '01']",HI,1,,,,,,,,,,,,,,,,,,,,,,,,
HI-02,Tulsi Gabbard (D),D+19,61.4,29.6,71.4,26.7,"['HI', '02']",HI,2,,,,,,,,,,,,,,,,,,,,,,,,
ID-01,Russ Fulcher (R),R+21,25.4,63.7,32.2,64.9,"['ID', '01']",ID,1,,,,,,,,,,,,,,,,,,,,,,,,
ID-02,Mike Simpson (R),R+17,29.8,54.5,33.1,64.1,"['ID', '02']",ID,2,,,,,,,,,,,,,,,,,,,,,,,,
IL-01,Bobby Rush (D),D+27,74.7,21.5,78.9,20.3,"['IL', '01']",IL,1,,,,,,,,,,,,,,,,,,,,,,,,
IL-02,Robin Kelly (D),D+29,77.6,19.0,80.7,18.6,"['IL', '02']",IL,2,,,,,,,,,,,,,,,,,,,,,,,,
IL-03,Dan Lipinski (D),D+6,54.9,39.4,56.0,42.5,"['IL', '03']",IL,3,,,,,,,,,,,,,,,,,,,,,,,,
IL-04,Chuy Garcia (D),D+33,81.3,13.1,80.9,17.1,"['IL', '04']",IL,4,,,,,,,,,,,,,,,,,,,,,,,,
IL-05,Mike Quigley (D),D+20,69.6,23.6,66.0,31.8,"['IL', '05']",IL,5,,,,,,,,,,,,,,,,,,,,,,,,
IL-06,Sean Casten (D),R+2,49.9,43.0,45.2,53.4,"['IL', '06']",IL,6,Illinois 6,R+2,Sean Casten  (D),53.6% D,Safe D,Safe D,Likely D,Likely D,Likely D,Likely D,Safe D,0.0,0.0,0.0,0.0,0.0,3.0,4.0,0.0,0.0,Likely D,4.0,0.5714285714285714,"['Illinois', '6']"
IL-07,Danny Davis (D),D+38,86.5,9.1,87.3,11.8,"['IL', '07']",IL,7,,,,,,,,,,,,,,,,,,,,,,,,
IL-08,Raja Krishnamoorthi (D),D+8,57.5,36.0,57.5,41.0,"['IL', '08']",IL,8,,,,,,,,,,,,,,,,,,,,,,,,
IL-09,Jan Schakowsky (D),D+18,69.1,24.6,65.0,33.3,"['IL', '09']",IL,9,,,,,,,,,,,,,,,,,,,,,,,,
IL-10,Brad Schneider (D),D+10,61.0,32.1,57.5,41.1,"['IL', '10']",IL,10,,,,,,,,,,,,,,,,,,,,,,,,
IL-11,Bill Foster (D),D+9,58.4,35.2,57.8,40.6,"['IL', '11']",IL,11,,,,,,,,,,,,,,,,,,,,,,,,
IL-12,Mike Bost (R),R+5,40.1,54.9,49.7,48.2,"['IL', '12']",IL,12,Illinois 12,R+5,Mike Bost  (R),51.6% R,Safe R,Safe R,Safe R,Lean R,Safe R,Safe R,Safe R,6.0,0.0,1.0,0.0,0.0,0.0,0.0,0.0,0.0,Safe R,6.0,0.8571428571428571,"['Illinois', '12']"
IL-13,Rodney Davis (R),R+3,44.3,49.5,48.7,48.9,"['IL', '13']",IL,13,Illinois 13,R+3,Rodney Davis  (R),50.4% R,Lean R,Tilt R,Lean R,Tossup,Lean R,Tossup,Lean D  (flip),0.0,0.0,3.0,1.0,2.0,0.0,0.0,1.0,0.0,Lean R,3.0,0.42857142857142855,"['Illinois', '13']"
IL-14,Lauren Underwood (D),R+5,45.3,49.3,44.2,54.2,"['IL', '14']",IL,14,Illinois 14,R+5,Lauren Underwood  (D),52.5% D,Likely D,Safe D,Lean D,Lean D,Lean D,Tossup,Lean D,0.0,0.0,0.0,0.0,1.0,1.0,1.0,4.0,0.0,Lean D,4.0,0.5714285714285714,"['Illinois', '14']"
IL-15,John Shimkus (R),R+21,24.5,70.7,34.1,64.0,"['IL', '15']",IL,15,,,,,,,,,,,,,,,,,,,,,,,,
IL-16,Adam Kinzinger (R),R+8,38.2,55.0,45.3,52.7,"['IL', '16']",IL,16,Illinois 16,R+8,Adam Kinzinger  (R),59.1% R,Safe R,Safe R,Safe R,Likely R,Safe R,Safe R,Safe R,6.0,1.0,0.0,0.0,0.0,0.0,0.0,0.0,0.0,Safe R,6.0,0.8571428571428571,"['Illinois', '16']"
IL-17,Cheri Bustos (D),D+3,46.5,47.3,57.5,40.8,"['IL', '17']",IL,17,Illinois 17,D+3,Cheri Bustos  (D),62.1% D,Likely D,Safe D,Likely D,Likely D,Safe D,Likely D,Safe D,0.0,0.0,0.0,0.0,0.0,3.0,4.0,0.0,0.0,Likely D,4.0,0.5714285714285714,"['Illinois', '17']"
IL-18,Darin LaHood (R),R+15,32.8,60.5,37.4,60.7,"['IL', '18']",IL,18,,,,,,,,,,,,,,,,,,,,,,,,
IN-01,Peter Visclosky (D),D+8,53.8,41.3,61.2,37.4,"['IN', '01']",IN,1,Indiana 1,D+8,Pete Visclosky  (D)  (Retiring),65.1% D,Safe D,Safe D,Safe D,Likely D,Safe D,Safe D,Safe D,0.0,0.0,0.0,0.0,0.0,6.0,1.0,0.0,0.0,Safe D,6.0,0.8571428571428571,"['Indiana', '1']"
IN-02,Jackie Walorski (R),R+11,35.9,58.9,42.1,56.1,"['IN', '02']",IN,2,Indiana 2,R+11,Jackie Walorski  (R),54.8% R,Safe R,Safe R,Safe R,Likely R,Safe R,Safe R,Safe R,6.0,1.0,0.0,0.0,0.0,0.0,0.0,0.0,0.0,Safe R,6.0,0.8571428571428571,"['Indiana', '2']"
IN-03,Jim Banks (R),R+18,29.9,64.7,35.7,62.5,"['IN', '03']",IN,3,,,,,,,,,,,,,,,,,,,,,,,,
IN-04,Jim Baird (R),R+17,30.0,63.9,36.8,60.8,"['IN', '04']",IN,4,,,,,,,,,,,,,,,,,,,,,,,,
IN-05,Susan Brooks (R),R+9,40.9,52.6,40.7,57.5,"['IN', '05']",IN,5,Indiana 5,R+9,Susan Brooks  (R)  (Retiring),56.8% R,Tossup,Lean R,Tossup,Lean R,Tossup,Lean R,Lean D  (flip),0.0,0.0,3.0,0.0,3.0,0.0,0.0,1.0,0.0,Tossup,3.0,0.42857142857142855,"['Indiana', '5']"
IN-06,Greg Pence (R),R+18,27.3,67.5,37.3,60.4,"['IN', '06']",IN,6,,,,,,,,,,,,,,,,,,,,,,,,
IN-07,Andre Carson (D),D+11,58.2,35.7,62.9,35.4,"['IN', '07']",IN,7,,,,,,,,,,,,,,,,,,,,,,,,
IN-08,Larry Bucshon (R),R+15,30.8,64.4,39.6,58.4,"['IN', '08']",IN,8,,,,,,,,,,,,,,,,,,,,,,,,
IN-09,Trey Hollingsworth (R),R+13,34.0,60.8,40.7,57.1,"['IN', '09']",IN,9,Indiana 9,R+13,Trey Hollingsworth  (R),56.5% R,Safe R,Safe R,Safe R,Likely R,Safe R,Safe R,Safe R,6.0,1.0,0.0,0.0,0.0,0.0,0.0,0.0,0.0,Safe R,6.0,0.8571428571428571,"['Indiana', '9']"
IA-01,Abby Finkenauer (D),D+1,44.6,48.1,55.9,42.3,"['IA', '01']",IA,1,Iowa 1,D+1,Abby Finkenauer  (D),51.0% D,Tossup,Tilt D,Tossup,Tossup,Lean D,Tossup,Lean D,0.0,0.0,0.0,0.0,4.0,0.0,0.0,2.0,1.0,Tossup,4.0,0.5714285714285714,"['Iowa', '1']"
IA-02,Dave Loebsack (D),D+1,44.4,48.5,55.5,42.5,"['IA', '02']",IA,2,Iowa 2,D+1,Dave Loebsack  (D)  (Retiring),54.8% D,Tossup,Tilt D,Lean D,Lean D,Lean D,Tossup,Likely D,0.0,0.0,0.0,0.0,2.0,0.0,1.0,3.0,1.0,Lean D,3.0,0.42857142857142855,"['Iowa', '2']"
IA-03,Cindy Axne (D),R+1,44.5,48.0,51.2,46.9,"['IA', '03']",IA,3,Iowa 3,R+1,Cindy Axne  (D),49.3% D,Tossup,Tilt D,Lean D,Tossup,Lean D,Tossup,Lean D,0.0,0.0,0.0,0.0,3.0,0.0,0.0,3.0,1.0,Lean D,3.0,0.42857142857142855,"['Iowa', '3']"
IA-04,Steve King (R),R+11,33.2,60.3,45.0,53.2,"['IA', '04']",IA,4,Iowa 4,R+11,Steve King  (R)  (Lost Primary),50.3% R,Safe R,Safe R,Safe R,Safe R,Safe R,Lean R,Likely R,5.0,1.0,1.0,0.0,0.0,0.0,0.0,0.0,0.0,Safe R,5.0,0.7142857142857143,"['Iowa', '4']"
KS-01,Roger Marshall (R),R+24,24.2,69.0,27.6,70.0,"['KS', '01']",KS,1,,,,,,,,,,,,,,,,,,,,,,,,
KS-02,Steve Watkins (R),R+10,37.3,55.6,42.2,55.4,"['KS', '02']",KS,2,Kansas 2,R+10,Steve Watkins  (R)  (Lost Primary),47.6% R,Likely R,Safe R,Likely R,Likely R,Likely R,Likely R,Likely R,1.0,6.0,0.0,0.0,0.0,0.0,0.0,0.0,0.0,Likely R,6.0,0.8571428571428571,"['Kansas', '2']"
KS-03,Sharice Davids (D),R+4,46.9,45.7,44.3,53.8,"['KS', '03']",KS,3,Kansas 3,R+4,Sharice Davids  (D),53.6% D,Likely D,Lean D,Likely D,Lean D,Lean D,Lean D,Likely D,0.0,0.0,0.0,0.0,0.0,0.0,3.0,4.0,0.0,Lean D,4.0,0.5714285714285714,"['Kansas', '3']"
KS-04,Ron Estes (R),R+15,32.8,59.8,36.1,61.5,"['KS', '04']",KS,4,,,,,,,,,,,,,,,,,,,,,,,,
KY-01,James Comer (R),R+23,23.9,72.4,32.1,66.4,"['KY', '01']",KY,1,,,,,,,,,,,,,,,,,,,,,,,,
KY-02,Brett Guthrie (R),R+19,27.6,67.5,35.1,63.3,"['KY', '02']",KY,2,,,,,,,,,,,,,,,,,,,,,,,,
KY-03,John Yarmuth (D),D+6,54.9,39.9,56.2,43.2,"['KY', '03']",KY,3,,,,,,,,,,,,,,,,,,,,,,,,
KY-04,Thomas Massie (R),R+18,29.2,65.1,34.8,63.4,"['KY', '04']",KY,4,,,,,,,,,,,,,,,,,,,,,,,,
KY-05,Hal Rogers (R),R+31,17.5,79.6,23.2,75.0,"['KY', '05']",KY,5,,,,,,,,,,,,,,,,,,,,,,,,
KY-06,Andy Barr (R),R+9,39.4,54.7,42.2,55.8,"['KY', '06']",KY,6,Kentucky 6,R+9,Andy Barr  (R),51.0% R,Likely R,Safe R,Likely R,Likely R,Likely R,Likely R,Leans R,1.0,5.0,1.0,0.0,0.0,0.0,0.0,0.0,0.0,Likely R,5.0,0.7142857142857143,"['Kentucky', '6']"
LA-01,Steve Scalise (R),R+24,26.8,69.0,26.9,70.9,"['LA', '01']",LA,1,,,,,,,,,,,,,,,,,,,,,,,,
LA-02,Cedric Richmond (D),D+25,75.1,22.4,75.8,22.8,"['LA', '02']",LA,2,,,,,,,,,,,,,,,,,,,,,,,,
LA-03,Clay Higgins (R),R+20,29.2,67.3,32.3,66.1,"['LA', '03']",LA,3,,,,,,,,,,,,,,,,,,,,,,,,
LA-04,Mike Johnson (R),R+13,36.6,60.6,39.7,59.0,"['LA', '04']",LA,4,,,,,,,,,,,,,,,,,,,,,,,,
LA-05,Ralph Abraham (R),R+15,34.1,63.5,37.7,61.0,"['LA', '05']",LA,5,,,,,,,,,,,,,,,,,,,,,,,,
LA-06,Garret Graves (R),R+19,31.3,65.3,32.0,66.2,"['LA', '06']",LA,6,,,,,,,,,,,,,,,,,,,,,,,,
ME-01,Chellie Pingree (D),D+8,54.0,39.2,59.4,38.1,"['ME', '01']",ME,1,,,,,,,,,,,,,,,,,,,,,,,,
ME-02,Jared Golden (D),R+2,41.0,51.3,52.8,44.2,"['ME', '02']",ME,2,Maine 2,R+2,Jared Golden  (D),50.5% D,Tossup,Tilt D,Tossup,Tossup,Tossup,Tossup,Lean D,0.0,0.0,0.0,0.0,5.0,0.0,0.0,1.0,1.0,Tossup,5.0,0.7142857142857143,"['Maine', '2']"
MD-01,Andy Harris (R),R+14,34.9,60.0,37.3,60.5,"['MD', '01']",MD,1,,,,,,,,,,,,,,,,,,,,,,,,
MD-02,Dutch Ruppersberger (D),D+11,58.1,37.2,63.0,35.0,"['MD', '02']",MD,2,,,,,,,,,,,,,,,,,,,,,,,,
MD-03,John Sarbanes (D),D+13,62.8,31.9,61.3,36.5,"['MD', '03']",MD,3,,,,,,,,,,,,,,,,,,,,,,,,
MD-04,Anthony Brown (D),D+28,76.8,19.7,77.8,21.1,"['MD', '04']",MD,4,,,,,,,,,,,,,,,,,,,,,,,,
MD-05,Steny Hoyer (D),D+16,64.9,31.1,66.0,32.2,"['MD', '05']",MD,5,,,,,,,,,,,,,,,,,,,,,,,,
MD-06,David Trone (D),D+6,55.2,39.8,54.8,43.0,"['MD', '06']",MD,6,,,,,,,,,,,,,,,,,,,,,,,,
MD-07,Elijah Cummings (D),D+26,74.0,21.5,75.9,22.6,"['MD', '07']",MD,7,,,,,,,,,,,,,,,,,,,,,,,,
MD-08,Jamie Raskin (D),D+14,64.2,30.9,62.3,35.8,"['MD', '08']",MD,8,,,,,,,,,,,,,,,,,,,,,,,,
MA-01,Richard Neal (D),D+12,56.3,36.0,63.8,34.2,"['MA', '01']",MA,1,,,,,,,,,,,,,,,,,,,,,,,,
MA-02,Jim McGovern (D),D+9,55.3,36.2,58.6,39.1,"['MA', '02']",MA,2,,,,,,,,,,,,,,,,,,,,,,,,
MA-03,Lori Trahan (D),D+9,57.3,34.8,56.8,41.3,"['MA', '03']",MA,3,,,,,,,,,,,,,,,,,,,,,,,,
MA-04,Joe Kennedy (D),D+9,58.1,34.4,57.0,41.2,"['MA', '04']",MA,4,,,,,,,,,,,,,,,,,,,,,,,,
MA-05,Katherine Clark (D),D+18,68.2,25.3,65.1,33.1,"['MA', '05']",MA,5,,,,,,,,,,,,,,,,,,,,,,,,
MA-06,Seth Moulton (D),D+6,55.1,37.6,54.6,43.8,"['MA', '06']",MA,6,,,,,,,,,,,,,,,,,,,,,,,,
MA-07,Ayanna Pressley (D),D+34,83.0,11.8,82.3,15.6,"['MA', '07']",MA,7,,,,,,,,,,,,,,,,,,,,,,,,
MA-08,Stephen Lynch (D),D+10,59.5,33.8,57.7,40.8,"['MA', '08']",MA,8,,,,,,,,,,,,,,,,,,,,,,,,
MA-09,Bill Keating (D),D+4,51.7,41.2,55.4,43.1,"['MA', '09']",MA,9,Massachusetts 9,D+4,Bill Keating  (D),59.4% D,Safe D,Safe D,Safe D,Likely D,Safe D,Safe D,Safe D,0.0,0.0,0.0,0.0,0.0,6.0,1.0,0.0,0.0,Safe D,6.0,0.8571428571428571,"['Massachusetts', '9']"
MI-01,Jack Bergman (R),R+9,36.5,57.8,45.2,53.5,"['MI', '01']",MI,1,,,,,,,,,,,,,,,,,,,,,,,,
MI-02,Bill Huizenga (R),R+9,37.8,55.1,43.0,55.9,"['MI', '02']",MI,2,,,,,,,,,,,,,,,,,,,,,,,,
MI-03,Justin Amash (R),R+6,42.1,51.6,45.8,53.2,"['MI', '03']",MI,3,Michigan 3,R+6,Justin Amash  (L)  (Retiring),54.4% R,Lean R  (flip),Tilt R  (flip),Lean R  (flip),Tossup,Likely R  (flip),Tossup,Tossup,0.0,1.0,2.0,1.0,3.0,0.0,0.0,0.0,0.0,Tossup,3.0,0.42857142857142855,"['Michigan', '3']"
MI-04,John Moolenaar (R),R+10,34.6,59.4,45.4,53.4,"['MI', '04']",MI,4,,,,,,,,,,,,,,,,,,,,,,,,
MI-05,Daniel Kildee (D),D+5,49.7,45.4,60.6,38.3,"['MI', '05']",MI,5,Michigan 5,D+5,Dan Kildee  (D),59.5% D,Safe D,Safe D,Safe D,Likely D,Safe D,Safe D,Safe D,0.0,0.0,0.0,0.0,0.0,6.0,1.0,0.0,0.0,Safe D,6.0,0.8571428571428571,"['Michigan', '5']"
MI-06,Fred Upton (R),R+4,42.8,51.2,48.8,50.1,"['MI', '06']",MI,6,Michigan 6,R+4,Fred Upton  (R),50.2% R,Lean R,Likely R,Lean R,Lean R,Likely R,Lean R,Lean R,0.0,2.0,5.0,0.0,0.0,0.0,0.0,0.0,0.0,Lean R,5.0,0.7142857142857143,"['Michigan', '6']"
MI-07,Tim Walberg (R),R+7,38.6,55.6,47.9,51.0,"['MI', '07']",MI,7,Michigan 7,R+7,Tim Walberg  (R),53.8% R,Safe R,Safe R,Safe R,Likely R,Safe R,Safe R,Safe R,6.0,1.0,0.0,0.0,0.0,0.0,0.0,0.0,0.0,Safe R,6.0,0.8571428571428571,"['Michigan', '7']"
MI-08,Elissa Slotkin (D),R+4,43.8,50.5,47.9,51.1,"['MI', '08']",MI,8,Michigan 8,R+4,Elissa Slotkin  (D),50.6% D,Lean D,Safe D,Lean D,Tossup,Lean D,Lean D,Safe D,0.0,0.0,0.0,0.0,1.0,2.0,0.0,4.0,0.0,Lean D,4.0,0.5714285714285714,"['Michigan', '8']"
MI-09,Andy Levin (D),D+4,51.4,43.7,57.3,41.9,"['MI', '09']",MI,9,,,,,,,,,,,,,,,,,,,,,,,,
MI-10,Paul Mitchell (R),R+13,31.6,63.8,43.7,55.3,"['MI', '10']",MI,10,,,,,,,,,,,,,,,,,,,,,,,,
MI-11,Haley Stevens (D),R+4,45.0,49.4,47.0,52.4,"['MI', '11']",MI,11,Michigan 11,R+4,Haley Stevens  (D),51.8% D,Lean D,Safe D,Likely D,Lean D,Likely D,Lean D,Safe D,0.0,0.0,0.0,0.0,0.0,2.0,2.0,3.0,0.0,Lean D,3.0,0.42857142857142855,"['Michigan', '11']"
MI-12,Debbie Dingell (D),D+14,60.6,34.3,66.4,32.9,"['MI', '12']",MI,12,,,,,,,,,,,,,,,,,,,,,,,,
MI-13,Rashida Tlaib (D),D+32,78.8,18.1,85.2,14.3,"['MI', '13']",MI,13,,,,,,,,,,,,,,,,,,,,,,,,
MI-14,Brenda Lawrence (D),D+30,79.1,18.2,80.9,18.6,"['MI', '14']",MI,14,,,,,,,,,,,,,,,,,,,,,,,,
MN-01,Jim Hagedorn (R),R+5,38.1,52.8,49.4,48.0,"['MN', '01']",MN,1,Minnesota 1,R+5,Jim Hagedorn  (R),50.1% R,Lean R,Tilt R,Lean R,Lean R,Lean R,Lean R,Lean R,0.0,0.0,6.0,1.0,0.0,0.0,0.0,0.0,0.0,Lean R,6.0,0.8571428571428571,"['Minnesota', '1']"
MN-02,Angie Craig (D),R+2,44.9,46.1,48.9,48.9,"['MN', '02']",MN,2,Minnesota 2,R+2,Angie Craig  (D),52.7% D,Lean D,Safe D,Likely D,Lean D,Likely D,Lean D,Likely D,0.0,0.0,0.0,0.0,0.0,1.0,3.0,3.0,0.0,Lean D,3.0,0.42857142857142855,"['Minnesota', '2']"
MN-03,Dean Phillips (D),D+1,50.2,40.9,49.5,48.7,"['MN', '03']",MN,3,Minnesota 3,D+1,Dean Phillips  (D),55.6% D,Safe D,Safe D,Safe D,Likely D,Safe D,Likely D,Safe D,0.0,0.0,0.0,0.0,0.0,5.0,2.0,0.0,0.0,Safe D,5.0,0.7142857142857143,"['Minnesota', '3']"
MN-04,Betty McCollum (D),D+14,60.9,30.2,62.3,35.4,"['MN', '04']",MN,4,,,,,,,,,,,,,,,,,,,,,,,,
MN-05,Ilhan Omar (D),D+26,73.0,18.3,73.2,23.9,"['MN', '05']",MN,5,,,,,,,,,,,,,,,,,,,,,,,,
MN-06,Tom Emmer (R),R+12,33.0,58.4,41.4,56.3,"['MN', '06']",MN,6,,,,,,,,,,,,,,,,,,,,,,,,
MN-07,Collin Peterson (D),R+12,30.8,61.4,44.0,53.7,"['MN', '07']",MN,7,Minnesota 7,R+12,Collin Peterson  (D),52.1% D,Tossup,Tilt D,Tossup,Tossup,Tossup,Tossup,Lean D,0.0,0.0,0.0,0.0,5.0,0.0,0.0,1.0,1.0,Tossup,5.0,0.7142857142857143,"['Minnesota', '7']"
MN-08,Pete Stauber (R),R+4,38.3,53.8,51.5,46.0,"['MN', '08']",MN,8,Minnesota 8,R+4,Pete Stauber  (R),50.7% R,Safe R,Safe R,Safe R,Likely R,Safe R,Likely R,Likely R,4.0,3.0,0.0,0.0,0.0,0.0,0.0,0.0,0.0,Safe R,4.0,0.5714285714285714,"['Minnesota', '8']"
MS-01,Trent Kelly (R),R+16,32.4,65.4,37.0,61.9,"['MS', '01']",MS,1,,,,,,,,,,,,,,,,,,,,,,,,
MS-02,Bennie Thompson (D),D+14,63.6,35.1,66.4,33.1,"['MS', '02']",MS,2,,,,,,,,,,,,,,,,,,,,,,,,
MS-03,Michael Guest (R),R+13,36.8,61.3,39.1,60.0,"['MS', '03']",MS,3,,,,,,,,,,,,,,,,,,,,,,,,
MS-04,Steven Palazzo (R),R+21,28.2,69.4,31.2,67.6,"['MS', '04']",MS,4,,,,,,,,,,,,,,,,,,,,,,,,
MO-01,Lacy Clay (D),D+29,76.8,18.8,79.9,18.9,"['MO', '01']",MO,1,,,,,,,,,,,,,,,,,,,,,,,,
MO-02,Ann Wagner (R),R+8,42.1,52.5,41.5,57.1,"['MO', '02']",MO,2,Missouri 2,R+8,Ann Wagner  (R),51.2% R,Tossup,Lean R,Lean R,Lean R,Tossup,Lean R,Lean D  (flip),0.0,0.0,4.0,0.0,2.0,0.0,0.0,1.0,0.0,Lean R,4.0,0.5714285714285714,"['Missouri', '2']"
MO-03,Blaine Luetkemeyer (R),R+18,28.0,67.0,36.0,62.1,"['MO', '03']",MO,3,,,,,,,,,,,,,,,,,,,,,,,,
MO-04,Vicky Hartzler (R),R+17,29.3,65.1,36.4,61.2,"['MO', '04']",MO,4,,,,,,,,,,,,,,,,,,,,,,,,
MO-05,Emanuel Cleaver (D),D+7,54.6,39.8,58.9,39.4,"['MO', '05']",MO,5,,,,,,,,,,,,,,,,,,,,,,,,
MO-06,Sam Graves (R),R+16,31.1,63.4,38.0,59.9,"['MO', '06']",MO,6,,,,,,,,,,,,,,,,,,,,,,,,
MO-07,Billy Long (R),R+23,24.6,70.1,30.4,67.6,"['MO', '07']",MO,7,,,,,,,,,,,,,,,,,,,,,,,,
MO-08,Jason Smith (R),R+24,21.1,75.3,32.0,65.9,"['MO', '08']",MO,8,,,,,,,,,,,,,,,,,,,,,,,,
MT-AL,Greg Gianforte (R),R+11,35.7,56.2,41.7,55.4,"['MT', 'AL']",MT,0,Montana at-large,R+11,Greg Gianforte  (R)  (Retiring),50.9% R,Lean R,Lean R,Likely R,Likely R,Likely R,Lean R,Lean R,0.0,3.0,4.0,0.0,0.0,0.0,0.0,0.0,0.0,Lean R,4.0,0.5714285714285714,"['Montana', 'at-large']"
NE-01,Jeff Fortenberry (R),R+11,35.5,56.2,40.7,57.2,"['NE', '01']",NE,1,,,,,,,,,,,,,,,,,,,,,,,,
NE-02,Don Bacon (R),R+4,44.9,47.2,45.5,52.6,"['NE', '02']",NE,2,Nebraska 2,R+4,Don Bacon  (R),51.0% R,Tossup,Tossup,Lean R,Lean R,Tossup,Tossup,Tossup,0.0,0.0,2.0,0.0,5.0,0.0,0.0,0.0,0.0,Tossup,5.0,0.7142857142857143,"['Nebraska', '2']"
NE-03,Adrian Smith (R),R+27,19.7,73.9,27.7,70.0,"['NE', '03']",NE,3,,,,,,,,,,,,,,,,,,,,,,,,
NV-01,Dina Titus (D),D+15,61.6,32.6,65.3,32.2,"['NV', '01']",NV,1,,,,,,,,,,,,,,,,,,,,,,,,
NV-02,Mark Amodei (R),R+7,39.7,52.0,44.8,52.9,"['NV', '02']",NV,2,Nevada 2,R+7,Mark Amodei  (R),58.2% R,Safe R,Safe R,Safe R,Likely R,Safe R,Safe R,Safe R,6.0,1.0,0.0,0.0,0.0,0.0,0.0,0.0,0.0,Safe R,6.0,0.8571428571428571,"['Nevada', '2']"
NV-03,Susie Lee (D),R+2,46.5,47.5,49.3,48.5,"['NV', '03']",NV,3,Nevada 3,R+2,Susie Lee  (D),51.9% D,Lean D,Likely D,Likely D,Lean D,Likely D,Lean D,Likely D,0.0,0.0,0.0,0.0,0.0,0.0,4.0,3.0,0.0,Likely D,4.0,0.5714285714285714,"['Nevada', '3']"
NV-04,Steven Horsford (D),D+3,49.5,44.6,54.2,43.5,"['NV', '04']",NV,4,Nevada 4,D+3,Steven Horsford  (D),51.9% D,Likely D,Safe D,Likely D,Lean D,Likely D,Likely D,Likely D,0.0,0.0,0.0,0.0,0.0,1.0,5.0,1.0,0.0,Likely D,5.0,0.7142857142857143,"['Nevada', '4']"
NH-01,Chris Pappas (D),R+2,45.9,47.5,50.0,48.4,"['NH', '01']",NH,1,New Hampshire 1,R+2,Chris Pappas  (D),53.6% D,Likely D,Likely D,Lean D,Lean D,Lean D,Lean D,Safe D,0.0,0.0,0.0,0.0,0.0,1.0,2.0,4.0,0.0,Lean D,4.0,0.5714285714285714,"['New Hampshire', '1']"
NH-02,Annie Kuster (D),D+2,47.8,45.4,54.0,44.3,"['NH', '02']",NH,2,New Hampshire 2,D+2,Ann McLane Kuster  (D),55.5% D,Safe D,Safe D,Likely D,Likely D,Safe D,Safe D,Safe D,0.0,0.0,0.0,0.0,0.0,5.0,2.0,0.0,0.0,Safe D,5.0,0.7142857142857143,"['New Hampshire', '2']"
NJ-01,Donald Norcross (D),D+13,60.6,36.1,65.8,34.2,"['NJ', '01']",NJ,1,,,,,,,,,,,,,,,,,,,,,,,,
NJ-02,Jeff Van Drew (D),R+1,46.0,50.6,53.7,45.5,"['NJ', '02']",NJ,2,New Jersey 2,R+1,Jeff Van Drew  (R),52.9% D,Tossup,Tossup,Lean R,Lean R,Lean R,Lean R,Tossup,0.0,0.0,4.0,0.0,3.0,0.0,0.0,0.0,0.0,Lean R,4.0,0.5714285714285714,"['New Jersey', '2']"
NJ-03,Andy Kim (D),R+2,45.2,51.4,52.3,47.7,"['NJ', '03']",NJ,3,New Jersey 3,R+2,Andy Kim  (D),50.0% D,Tossup,Lean D,Lean D,Tossup,Tossup,Tossup,Lean D,0.0,0.0,0.0,0.0,4.0,0.0,0.0,3.0,0.0,Tossup,4.0,0.5714285714285714,"['New Jersey', '3']"
NJ-04,Chris Smith (R),R+8,41.0,55.8,45.2,54.8,"['NJ', '04']",NJ,4,New Jersey 4,R+8,Chris Smith  (R),55.4% R,Safe R,Safe R,Safe R,Likely R,Safe R,Safe R,Safe R,6.0,1.0,0.0,0.0,0.0,0.0,0.0,0.0,0.0,Safe R,6.0,0.8571428571428571,"['New Jersey', '4']"
NJ-05,Josh Gottheimer (D),R+3,47.7,48.8,48.5,51.5,"['NJ', '05']",NJ,5,New Jersey 5,R+3,Josh Gottheimer  (D),56.2% D,Likely D,Safe D,Safe D,Lean D,Safe D,Likely D,Safe D,0.0,0.0,0.0,0.0,0.0,4.0,2.0,1.0,0.0,Safe D,4.0,0.5714285714285714,"['New Jersey', '5']"
NJ-06,Frank Pallone (D),D+9,56.2,40.6,62.1,37.9,"['NJ', '06']",NJ,6,,,,,,,,,,,,,,,,,,,,,,,,
NJ-07,Tom Malinowski (D),R+3,48.6,47.5,46.7,53.0,"['NJ', '07']",NJ,7,New Jersey 7,R+3,Tom Malinowski  (D),51.7% D,Lean D,Lean D,Lean D,Tossup,Tossup,Lean D,Safe D,0.0,0.0,0.0,0.0,2.0,1.0,0.0,4.0,0.0,Lean D,4.0,0.5714285714285714,"['New Jersey', '7']"
NJ-08,Albio Sires (D),D+27,75.7,21.5,79.0,21.0,"['NJ', '08']",NJ,8,,,,,,,,,,,,,,,,,,,,,,,,
NJ-09,Bill Pascrell (D),D+16,64.3,33.1,68.9,31.1,"['NJ', '09']",NJ,9,,,,,,,,,,,,,,,,,,,,,,,,
NJ-10,Donald Payne Jr. (D),D+36,85.2,12.8,88.5,11.6,"['NJ', '10']",NJ,10,,,,,,,,,,,,,,,,,,,,,,,,
NJ-11,Mikie Sherrill (D),R+3,47.9,48.8,47.1,52.9,"['NJ', '11']",NJ,11,New Jersey 11,R+3,Mikie Sherrill  (D),56.8% D,Safe D,Safe D,Safe D,Lean D,Safe D,Likely D,Safe D,0.0,0.0,0.0,0.0,0.0,5.0,1.0,1.0,0.0,Safe D,5.0,0.7142857142857143,"['New Jersey', '11']"
NJ-12,Bonnie Watson Coleman (D),D+16,65.0,31.8,67.3,32.8,"['NJ', '12']",NJ,12,,,,,,,,,,,,,,,,,,,,,,,,
NM-01,Deb Haaland (D),D+7,51.6,35.1,55.3,39.6,"['NM', '01']",NM,1,,,,,,,,,,,,,,,,,,,,,,,,
NM-02,Xochitl Torres Small (D),R+6,39.9,50.1,44.9,51.7,"['NM', '02']",NM,2,New Mexico 2,R+6,Xochitl Torres Small  (D),50.9% D,Tossup,Tilt D,Lean D,Tossup,Tossup,Tossup,Lean D,0.0,0.0,0.0,0.0,4.0,0.0,0.0,2.0,1.0,Tossup,4.0,0.5714285714285714,"['New Mexico', '2']"
NM-03,Ben R. Lujan (D),D+8,51.8,36.7,57.5,38.7,"['NM', '03']",NM,3,,,,,,,,,,,,,,,,,,,,,,,,
NY-01,Lee Zeldin (R),R+5,41.8,54.0,49.5,49.0,"['NY', '01']",NY,1,New York 1,R+5,Lee Zeldin  (R),51.5% R,Lean R,Likely R,Lean R,Lean R,Lean R,Lean R,Lean R,0.0,1.0,6.0,0.0,0.0,0.0,0.0,0.0,0.0,Lean R,6.0,0.8571428571428571,"['New York', '1']"
NY-02,Peter King (R),R+3,43.7,52.6,51.6,47.2,"['NY', '02']",NY,2,New York 2,R+3,Peter T. King  (R)  (Retiring),53.1% R,Tossup,Tossup,Lean R,Lean R,Tossup,Tossup,Lean R,0.0,0.0,3.0,0.0,4.0,0.0,0.0,0.0,0.0,Tossup,4.0,0.5714285714285714,"['New York', '2']"
NY-03,Tom Suozzi (D),D+1,51.2,45.1,50.7,48.2,"['NY', '03']",NY,3,New York 3,D+1,Thomas Suozzi  (D),59.0% D,Safe D,Safe D,Safe D,Likely D,Safe D,Safe D,Safe D,0.0,0.0,0.0,0.0,0.0,6.0,1.0,0.0,0.0,Safe D,6.0,0.8571428571428571,"['New York', '3']"
NY-04,Kathleen Rice (D),D+4,53.0,43.4,55.7,43.3,"['NY', '04']",NY,4,,,,,,,,,,,,,,,,,,,,,,,,
NY-05,Gregory Meeks (D),D+37,85.4,12.6,89.7,9.9,"['NY', '05']",NY,5,,,,,,,,,,,,,,,,,,,,,,,,
NY-06,Grace Meng (D),D+16,64.7,31.9,67.7,31.0,"['NY', '06']",NY,6,,,,,,,,,,,,,,,,,,,,,,,,
NY-07,Nydia Velazquez (D),D+38,86.4,10.3,88.8,10.4,"['NY', '07']",NY,7,,,,,,,,,,,,,,,,,,,,,,,,
NY-08,Hakeem Jeffries (D),D+36,84.2,13.4,89.2,10.2,"['NY', '08']",NY,8,,,,,,,,,,,,,,,,,,,,,,,,
NY-09,Yvette Clarke (D),D+34,82.9,14.3,85.1,13.9,"['NY', '09']",NY,9,,,,,,,,,,,,,,,,,,,,,,,,
NY-10,Jerrold Nadler (D),D+26,77.5,18.6,73.5,25.0,"['NY', '10']",NY,10,,,,,,,,,,,,,,,,,,,,,,,,
NY-11,Max Rose (D),R+3,43.5,53.3,51.6,47.2,"['NY', '11']",NY,11,New York 11,R+3,Max Rose  (D),53.0% D,Tossup,Tossup,Tossup,Tossup,Tossup,Tossup,Lean D,0.0,0.0,0.0,0.0,6.0,0.0,0.0,1.0,0.0,Tossup,6.0,0.8571428571428571,"['New York', '11']"
NY-12,Carolyn Maloney (D),D+31,82.4,13.3,76.8,21.5,"['NY', '12']",NY,12,,,,,,,,,,,,,,,,,,,,,,,,
NY-13,Adriano Espaillat (D),D+43,91.8,5.4,94.6,4.6,"['NY', '13']",NY,13,,,,,,,,,,,,,,,,,,,,,,,,
NY-14,Alexandria Ocasio-Cortez (D),D+29,77.3,19.7,80.6,18.3,"['NY', '14']",NY,14,,,,,,,,,,,,,,,,,,,,,,,,
NY-15,Jose E. Serrano (D),D+44,93.5,4.9,96.7,3.0,"['NY', '15']",NY,15,,,,,,,,,,,,,,,,,,,,,,,,
NY-16,Eliot Engel (D),D+24,74.5,22.3,73.6,25.5,"['NY', '16']",NY,16,,,,,,,,,,,,,,,,,,,,,,,,
NY-17,Nita Lowey (D),D+7,58.0,38.1,57.0,41.8,"['NY', '17']",NY,17,,,,,,,,,,,,,,,,,,,,,,,,
NY-18,Sean Patrick Maloney (D),R+1,46.6,48.7,51.4,47.1,"['NY', '18']",NY,18,New York 18,R+1,Sean Patrick Maloney  (D),55.5% D,Likely D,Safe D,Likely D,Lean D,Safe D,Likely D,Safe D,0.0,0.0,0.0,0.0,0.0,3.0,3.0,1.0,0.0,Likely D,3.0,0.42857142857142855,"['New York', '18']"
NY-19,Antonio Delgado (D),R+2,43.5,50.2,52.0,45.8,"['NY', '19']",NY,19,New York 19,R+2,Antonio Delgado  (D),51.4% D,Lean D,Safe D,Likely D,Lean D,Likely D,Likely D,Lean D,0.0,0.0,0.0,0.0,0.0,1.0,3.0,3.0,0.0,Lean D,3.0,0.42857142857142855,"['New York', '19']"
NY-20,Paul Tonko (D),D+7,53.3,40.0,59.1,38.7,"['NY', '20']",NY,20,,,,,,,,,,,,,,,,,,,,,,,,
NY-21,Elise Stefanik (R),R+4,39.4,53.1,52.1,46.0,"['NY', '21']",NY,21,New York 21,R+4,Elise Stefanik  (R),56.1% R,Safe R,Safe R,Safe R,Likely R,Safe R,Safe R,Tossup,5.0,1.0,0.0,0.0,1.0,0.0,0.0,0.0,0.0,Safe R,5.0,0.7142857142857143,"['New York', '21']"
NY-22,Anthony Brindisi (D),R+6,38.9,54.2,48.7,49.1,"['NY', '22']",NY,22,New York 22,R+6,Anthony Brindisi  (D),50.8% D,Tossup,Tilt D,Tossup,Tossup,Tossup,Tossup,Lean D,0.0,0.0,0.0,0.0,5.0,0.0,0.0,1.0,1.0,Tossup,5.0,0.7142857142857143,"['New York', '22']"
NY-23,Tom Reed (R),R+6,39.2,53.9,48.3,49.5,"['NY', '23']",NY,23,New York 23,R+6,Tom Reed  (R),54.2% R,Safe R,Safe R,Safe R,Likely R,Safe R,Safe R,Safe R,6.0,1.0,0.0,0.0,0.0,0.0,0.0,0.0,0.0,Safe R,6.0,0.8571428571428571,"['New York', '23']"
NY-24,John Katko (R),D+3,48.6,45.0,57.0,41.1,"['NY', '24']",NY,24,New York 24,D+3,John Katko  (R),52.6% R,Lean R,Tilt R,Lean R,Lean R,Lean R,Lean R,Likely R,0.0,1.0,5.0,1.0,0.0,0.0,0.0,0.0,0.0,Lean R,5.0,0.7142857142857143,"['New York', '24']"
NY-25,Joe Morelle (D),D+8,54.9,38.7,58.6,39.3,"['NY', '25']",NY,25,,,,,,,,,,,,,,,,,,,,,,,,
NY-26,Brian Higgins (D),D+11,57.5,37.9,63.9,34.3,"['NY', '26']",NY,26,,,,,,,,,,,,,,,,,,,,,,,,
NY-27,Chris Collins (R),R+11,35.0,59.3,42.8,55.2,"['NY', '27']",NY,27,New York 27,R+11,Chris Jacobs  (R),49.1% R,Safe R,Safe R,Likely R,Likely R,Safe R,Likely R,Likely R,3.0,4.0,0.0,0.0,0.0,0.0,0.0,0.0,0.0,Likely R,4.0,0.5714285714285714,"['New York', '27']"
NC-01,G.K. Butterfield (D),D+17,65.9,31.1,,,"['NC', '01']",NC,1,North Carolina 1,D+5,G. K. Butterfield  (D),69.8% D,Safe D,Safe D,Safe D,Likely D,Safe D,Safe D,Safe D,0.0,0.0,0.0,0.0,0.0,6.0,1.0,0.0,0.0,Safe D,6.0,0.8571428571428571,"['North Carolina', '1']"
NC-02,George Holding (R),R+7,44.6,50.9,,,"['NC', '02']",NC,2,North Carolina 2,D+9,George Holding  (R)  (Retiring),51.3% R,Likely D  (flip),Likely D  (flip),Safe D  (flip),Safe D  (flip),Safe D  (flip),Safe D  (flip),Safe D  (flip),0.0,0.0,0.0,0.0,0.0,5.0,2.0,0.0,0.0,Safe D,5.0,0.7142857142857143,"['North Carolina', '2']"
NC-03,Jones (R),R+12,37.0,59.6,,,"['NC', '03']",NC,3,,,,,,,,,,,,,,,,,,,,,,,,
NC-04,David Price (D),D+17,65.7,29.0,,,"['NC', '04']",NC,4,,,,,,,,,,,,,,,,,,,,,,,,
NC-05,Virginia Foxx (R),R+10,39.2,56.6,,,"['NC', '05']",NC,5,,,,,,,,,,,,,,,,,,,,,,,,
NC-06,Mark Walker (R),R+9,41.0,55.6,,,"['NC', '06']",NC,6,North Carolina 6,D+8,Mark Walker  (R)  (Retiring),56.5% R,Likely D  (flip),Likely D  (flip),Safe D  (flip),Safe D  (flip),Safe D  (flip),Safe D  (flip),Safe D  (flip),0.0,0.0,0.0,0.0,0.0,5.0,2.0,0.0,0.0,Safe D,5.0,0.7142857142857143,"['North Carolina', '6']"
NC-07,David Rouzer (R),R+9,39.6,56.9,,,"['NC', '07']",NC,7,,,,,,,,,,,,,,,,,,,,,,,,
NC-08,Richard Hudson (R),R+8,40.7,55.5,,,"['NC', '08']",NC,8,North Carolina 8,R+5,Richard Hudson  (R),55.3% R,Lean R,Lean R,Lean R,Lean R,Likely R,Likely R,Lean R,0.0,2.0,5.0,0.0,0.0,0.0,0.0,0.0,0.0,Lean R,5.0,0.7142857142857143,"['North Carolina', '8']"
NC-09,(),R+8,42.4,53.5,,,"['NC', '09']",NC,9,North Carolina 9,R+7,Dan Bishop  (R),50.7% R,Likely R,Safe R,Safe R,Likely R,Safe R,Likely R,Lean R,3.0,3.0,1.0,0.0,0.0,0.0,0.0,0.0,0.0,Likely R,3.0,0.42857142857142855,"['North Carolina', '9']"
NC-10,Patrick McHenry (R),R+12,35.7,60.5,,,"['NC', '10']",NC,10,,,,,,,,,,,,,,,,,,,,,,,,
NC-11,Mark Meadows (R),R+14,33.7,62.0,,,"['NC', '11']",NC,11,North Carolina 11,R+14,Vacant,59.2% R,Likely R,Safe R,Safe R,Safe R,Likely R,Safe R,Safe R,5.0,2.0,0.0,0.0,0.0,0.0,0.0,0.0,0.0,Safe R,5.0,0.7142857142857143,"['North Carolina', '11']"
NC-12,Alma Adams (D),D+18,67.2,28.2,,,"['NC', '12']",NC,12,,,,,,,,,,,,,,,,,,,,,,,,
NC-13,Ted Budd (R),R+6,43.5,52.7,,,"['NC', '13']",NC,13,,,,,,,,,,,,,,,,,,,,,,,,
ND-AL,Kelly Armstrong (R),R+16,27.2,63.0,38.7,58.3,"['ND', 'AL']",ND,0,,,,,,,,,,,,,,,,,,,,,,,,
OH-01,Steve Chabot (R),R+5,44.5,51.1,46.3,52.4,"['OH', '01']",OH,1,Ohio 1,R+5,Steve Chabot  (R),51.3% R,Tossup,Tossup,Lean R,Lean R,Lean R,Likely R,Lean R,0.0,1.0,4.0,0.0,2.0,0.0,0.0,0.0,0.0,Lean R,4.0,0.5714285714285714,"['Ohio', '1']"
OH-02,Brad Wenstrup (R),R+9,39.5,55.6,43.7,54.8,"['OH', '02']",OH,2,,,,,,,,,,,,,,,,,,,,,,,,
OH-03,Joyce Beatty (D),D+19,67.2,28.3,69.8,29.0,"['OH', '03']",OH,3,,,,,,,,,,,,,,,,,,,,,,,,
OH-04,Jim Jordan (R),R+14,30.5,63.9,42.1,56.1,"['OH', '04']",OH,4,,,,,,,,,,,,,,,,,,,,,,,,
OH-05,Bob Latta (R),R+11,34.4,59.3,44.1,53.9,"['OH', '05']",OH,5,,,,,,,,,,,,,,,,,,,,,,,,
OH-06,Bill Johnson (R),R+16,26.5,68.9,42.7,55.3,"['OH', '06']",OH,6,,,,,,,,,,,,,,,,,,,,,,,,
OH-07,Bob Gibbs (R),R+12,32.7,62.4,44.4,53.9,"['OH', '07']",OH,7,,,,,,,,,,,,,,,,,,,,,,,,
OH-08,Warren Davidson (R),R+17,30.4,64.7,36.4,61.9,"['OH', '08']",OH,8,,,,,,,,,,,,,,,,,,,,,,,,
OH-09,Marcy Kaptur (D),D+14,58.7,36.5,67.7,30.9,"['OH', '09']",OH,9,,,,,,,,,,,,,,,,,,,,,,,,
OH-10,Mike Turner (R),R+4,43.8,51.0,48.2,50.1,"['OH', '10']",OH,10,Ohio 10,R+4,Mike Turner  (R),55.9% R,Likely R,Likely R,Likely R,Likely R,Likely R,Safe R,Tossup,1.0,5.0,0.0,0.0,1.0,0.0,0.0,0.0,0.0,Likely R,5.0,0.7142857142857143,"['Ohio', '10']"
OH-11,Marcia Fudge (D),D+32,80.5,17.0,83.3,16.1,"['OH', '11']",OH,11,,,,,,,,,,,,,,,,,,,,,,,,
OH-12,Troy Balderson (R),R+7,41.6,53.1,44.0,54.4,"['OH', '12']",OH,12,Ohio 12,R+7,Troy Balderson  (R),51.4% R,Likely R,Safe R,Likely R,Likely R,Safe R,Lean R,Lean R,2.0,3.0,2.0,0.0,0.0,0.0,0.0,0.0,0.0,Likely R,3.0,0.42857142857142855,"['Ohio', '12']"
OH-13,Tim Ryan (D),D+7,51.1,44.6,62.9,35.8,"['OH', '13']",OH,13,Ohio 13,D+7,Tim Ryan  (D),61.0% D,Safe D,Safe D,Safe D,Likely D,Safe D,Safe D,Safe D,0.0,0.0,0.0,0.0,0.0,6.0,1.0,0.0,0.0,Safe D,6.0,0.8571428571428571,"['Ohio', '13']"
OH-14,David Joyce (R),R+5,42.0,53.4,47.6,51.0,"['OH', '14']",OH,14,Ohio 14,R+5,David Joyce  (R),55.3% R,Safe R,Safe R,Safe R,Likely R,Safe R,Safe R,Safe R,6.0,1.0,0.0,0.0,0.0,0.0,0.0,0.0,0.0,Safe R,6.0,0.8571428571428571,"['Ohio', '14']"
OH-15,Steve Stivers (R),R+7,39.6,55.2,46.4,51.9,"['OH', '15']",OH,15,,,,,,,,,,,,,,,,,,,,,,,,
OH-16,Anthony Gonzalez (R),R+8,39.4,56.1,45.3,53.5,"['OH', '16']",OH,16,,,,,,,,,,,,,,,,,,,,,,,,
OK-01,Kevin Hern (R),R+17,32.7,61.4,34.2,65.8,"['OK', '01']",OK,1,,,,,,,,,,,,,,,,,,,,,,,,
OK-02,Markwayne Mullin (R),R+24,22.8,72.9,32.2,67.8,"['OK', '02']",OK,2,,,,,,,,,,,,,,,,,,,,,,,,
OK-03,Frank Lucas (R),R+27,20.9,73.6,26.1,73.9,"['OK', '03']",OK,3,,,,,,,,,,,,,,,,,,,,,,,,
OK-04,Tom Cole (R),R+20,28.4,65.6,32.9,67.1,"['OK', '04']",OK,4,,,,,,,,,,,,,,,,,,,,,,,,
OK-05,Kendra Horn (D),R+10,39.7,53.3,40.8,59.2,"['OK', '05']",OK,5,Oklahoma 5,R+10,Kendra Horn  (D),50.7% D,Tossup,Tossup,Tossup,Tossup,Tossup,Tossup,Tossup,0.0,0.0,0.0,0.0,7.0,0.0,0.0,0.0,0.0,Tossup,7.0,1.0,"['Oklahoma', '5']"
OR-01,Suzanne Bonamici (D),D+9,55.0,33.1,56.8,39.7,"['OR', '01']",OR,1,,,,,,,,,,,,,,,,,,,,,,,,
OR-02,Greg Walden (R),R+11,35.3,54.7,40.1,56.4,"['OR', '02']",OR,2,,,,,,,,,,,,,,,,,,,,,,,,
OR-03,Earl Blumenauer (D),D+24,68.4,21.7,71.6,24.5,"['OR', '03']",OR,3,,,,,,,,,,,,,,,,,,,,,,,,
OR-04,Peter DeFazio (D),EVEN,44.5,44.4,51.4,44.7,"['OR', '04']",OR,4,Oregon 4,EVEN,Peter DeFazio  (D),56.0% D,Likely D,Safe D,Likely D,Likely D,Safe D,Safe D,Safe D,0.0,0.0,0.0,0.0,0.0,4.0,3.0,0.0,0.0,Safe D,4.0,0.5714285714285714,"['Oregon', '4']"
OR-05,Kurt Schrader (D),EVEN,46.4,42.3,50.1,46.8,"['OR', '05']",OR,5,Oregon 5,EVEN,Kurt Schrader  (D),55.1% D,Safe D,Safe D,Safe D,Likely D,Safe D,Safe D,Safe D,0.0,0.0,0.0,0.0,0.0,6.0,1.0,0.0,0.0,Safe D,6.0,0.8571428571428571,"['Oregon', '5']"
PA-01,Brian Fitzpatrick (R),R+1,49.1,47.1,50.3,48.4,"['PA', '01']",PA,1,Pennsylvania 1,R+1,Brian Fitzpatrick  (R),51.3% R,Lean R,Tilt R,Lean R,Lean R,Lean R,Tossup,Lean R,0.0,0.0,5.0,1.0,1.0,0.0,0.0,0.0,0.0,Lean R,5.0,0.7142857142857143,"['Pennsylvania', '1']"
PA-02,Brendan Boyle (D),D+25,72.9,24.9,77.4,21.8,"['PA', '02']",PA,2,,,,,,,,,,,,,,,,,,,,,,,,
PA-03,Dwight Evans (D),D+41,90.9,7.0,91.8,7.5,"['PA', '03']",PA,3,,,,,,,,,,,,,,,,,,,,,,,,
PA-04,Madeleine Dean (D),D+7,57.9,38.5,56.1,42.8,"['PA', '04']",PA,4,,,,,,,,,,,,,,,,,,,,,,,,
PA-05,Mary Gay Scanlon (D),D+13,62.6,34.4,64.5,34.5,"['PA', '05']",PA,5,,,,,,,,,,,,,,,,,,,,,,,,
PA-06,Chrissy Houlahan (D),D+2,52.6,43.3,50.9,47.9,"['PA', '06']",PA,6,,,,,,,,,,,,,,,,,,,,,,,,
PA-07,Susan Wild (D),D+1,48.7,47.6,52.9,45.9,"['PA', '07']",PA,7,Pennsylvania 7,D+1,Susan Wild  (D),53.5% D,Lean D,Safe D,Lean D,Lean D,Lean D,Likely D,Safe D,0.0,0.0,0.0,0.0,0.0,2.0,1.0,4.0,0.0,Lean D,4.0,0.5714285714285714,"['Pennsylvania', '7']"
PA-08,Matt Cartwright (D),R+1,43.7,53.2,55.2,43.5,"['PA', '08']",PA,8,Pennsylvania 8,R+1,Matt Cartwright  (D),54.6% D,Lean D,Likely D,Lean D,Lean D,Lean D,Tossup,Safe D,0.0,0.0,0.0,0.0,1.0,1.0,1.0,4.0,0.0,Lean D,4.0,0.5714285714285714,"['Pennsylvania', '8']"
PA-09,Dan Meuser (R),R+14,31.0,65.0,41.2,57.2,"['PA', '09']",PA,9,,,,,,,,,,,,,,,,,,,,,,,,
PA-10,Scott Perry (R),R+6,43.4,52.3,46.0,52.6,"['PA', '10']",PA,10,Pennsylvania 10,R+6,Scott Perry  (R),51.3% R,Tossup,Tilt R,Lean R,Tossup,Lean R,Tossup,Lean R,0.0,0.0,3.0,1.0,3.0,0.0,0.0,0.0,0.0,Tossup,3.0,0.42857142857142855,"['Pennsylvania', '10']"
PA-11,Lloyd Smucker (R),R+14,34.7,60.5,37.8,60.7,"['PA', '11']",PA,11,,,,,,,,,,,,,,,,,,,,,,,,
PA-12,Marino (R),R+17,29.8,66.3,37.0,61.4,"['PA', '12']",PA,12,,,,,,,,,,,,,,,,,,,,,,,,
PA-13,John Joyce (R),R+22,25.5,71.0,31.8,66.8,"['PA', '13']",PA,13,,,,,,,,,,,,,,,,,,,,,,,,
PA-14,Guy Reschenthaler (R),R+14,33.9,62.9,40.4,58.4,"['PA', '14']",PA,14,,,,,,,,,,,,,,,,,,,,,,,,
PA-15,Glenn Thompson (R),R+20,26.6,70.0,35.8,62.6,"['PA', '15']",PA,15,,,,,,,,,,,,,,,,,,,,,,,,
PA-16,Mike Kelly (R),R+8,38.0,57.9,46.7,51.9,"['PA', '16']",PA,16,Pennsylvania 16,R+8,Mike Kelly  (R),51.6% R,Safe R,Safe R,Safe R,Lean R,Safe R,Safe R,Safe R,6.0,0.0,1.0,0.0,0.0,0.0,0.0,0.0,0.0,Safe R,6.0,0.8571428571428571,"['Pennsylvania', '16']"
PA-17,Conor Lamb (D),R+3,46.7,49.2,47.3,51.6,"['PA', '17']",PA,17,Pennsylvania 17,R+3,Conor Lamb  (D),56.3% D,Likely D,Likely D,Likely D,Lean D,Likely D,Likely D,Safe D,0.0,0.0,0.0,0.0,0.0,1.0,5.0,1.0,0.0,Likely D,5.0,0.7142857142857143,"['Pennsylvania', '17']"
PA-18,Mike Doyle (D),D+13,61.7,34.9,63.5,35.2,"['PA', '18']",PA,18,,,,,,,,,,,,,,,,,,,,,,,,
RI-01,David Cicilline (D),D+14,59.2,34.3,66.0,32.1,"['RI', '01']",RI,1,,,,,,,,,,,,,,,,,,,,,,,,
RI-02,Jim Langevin (D),D+6,49.9,43.1,59.7,38.1,"['RI', '02']",RI,2,,,,,,,,,,,,,,,,,,,,,,,,
SC-01,Joe Cunningham (D),R+10,40.5,53.2,40.1,58.4,"['SC', '01']",SC,1,South Carolina 1,R+10,Joe Cunningham  (D),50.6% D,Tossup,Tilt D,Tossup,Tossup,Tossup,Tossup,Lean D,0.0,0.0,0.0,0.0,5.0,0.0,0.0,1.0,1.0,Tossup,5.0,0.7142857142857143,"['South Carolina', '1']"
SC-02,Joe Wilson (R),R+12,38.1,56.7,36.6,62.0,"['SC', '02']",SC,2,South Carolina 2,R+12,Joe Wilson  (R),56.3% R,Safe R,Safe R,Likely R,Safe R,Safe R,Safe R,Safe R,6.0,1.0,0.0,0.0,0.0,0.0,0.0,0.0,0.0,Safe R,6.0,0.8571428571428571,"['South Carolina', '2']"
SC-03,Jeff Duncan (R),R+19,29.0,67.0,33.9,64.6,"['SC', '03']",SC,3,,,,,,,,,,,,,,,,,,,,,,,,
SC-04,William Timmons (R),R+15,34.2,60.0,36.2,62.2,"['SC', '04']",SC,4,,,,,,,,,,,,,,,,,,,,,,,,
SC-05,Ralph Norman (R),R+9,38.8,57.3,43.4,55.3,"['SC', '05']",SC,5,,,,,,,,,,,,,,,,,,,,,,,,
SC-06,Jim Clyburn (D),D+19,67.1,29.7,73.0,26.0,"['SC', '06']",SC,6,,,,,,,,,,,,,,,,,,,,,,,,
SC-07,Tom Rice (R),R+9,39.2,57.9,44.5,54.5,"['SC', '07']",SC,7,,,,,,,,,,,,,,,,,,,,,,,,
SD-AL,Dusty Johnson (R),R+14,31.7,61.5,39.9,57.9,"['SD', 'AL']",SD,0,,,,,,,,,,,,,,,,,,,,,,,,
TN-01,Phil Roe (R),R+28,19.6,76.4,25.7,72.7,"['TN', '01']",TN,1,,,,,,,,,,,,,,,,,,,,,,,,
TN-02,Tim Burchett (R),R+20,29.5,64.7,30.9,67.3,"['TN', '02']",TN,2,,,,,,,,,,,,,,,,,,,,,,,,
TN-03,Chuck Fleischmann (R),R+18,30.0,65.1,35.0,63.4,"['TN', '03']",TN,3,,,,,,,,,,,,,,,,,,,,,,,,
TN-04,Scott DesJarlais (R),R+20,27.2,68.1,33.2,65.2,"['TN', '04']",TN,4,,,,,,,,,,,,,,,,,,,,,,,,
TN-05,Jim Cooper (D),D+7,56.0,37.9,55.9,42.5,"['TN', '05']",TN,5,,,,,,,,,,,,,,,,,,,,,,,,
TN-06,John Rose (R),R+24,23.6,72.3,29.5,69.1,"['TN', '06']",TN,6,,,,,,,,,,,,,,,,,,,,,,,,
TN-07,Mark Green (R),R+20,28.0,67.0,32.9,65.7,"['TN', '07']",TN,7,,,,,,,,,,,,,,,,,,,,,,,,
TN-08,David Kustoff (R),R+19,30.5,65.8,32.7,66.3,"['TN', '08']",TN,8,,,,,,,,,,,,,,,,,,,,,,,,
TN-09,Steve Cohen (D),D+28,76.9,19.6,78.5,20.8,"['TN', '09']",TN,9,,,,,,,,,,,,,,,,,,,,,,,,
TX-01,Louie Gohmert (R),R+25,25.1,71.7,27.5,71.6,"['TX', '01']",TX,1,,,,,,,,,,,,,,,,,,,,,,,,
TX-02,Dan Crenshaw (R),R+11,42.8,52.0,35.6,63.0,"['TX', '02']",TX,2,Texas 2,R+11,Dan Crenshaw  (R),52.8% R,Likely R,Likely R,Likely R,Lean R,Likely R,Safe R,Lean R,1.0,4.0,2.0,0.0,0.0,0.0,0.0,0.0,0.0,Likely R,4.0,0.5714285714285714,"['Texas', '2']"
TX-03,Van Taylor (R),R+13,39.9,53.8,34.2,64.3,"['TX', '03']",TX,3,Texas 3,R+13,Van Taylor  (R),54.3% R,Lean R,Safe R,Likely R,Likely R,Likely R,Safe R,Lean D  (flip),2.0,3.0,1.0,0.0,0.0,0.0,0.0,1.0,0.0,Likely R,3.0,0.42857142857142855,"['Texas', '3']"
TX-04,John Ratcliffe (R),R+28,21.6,74.9,24.8,74.0,"['TX', '04']",TX,4,,,,,,,,,,,,,,,,,,,,,,,,
TX-05,Lance Gooden (R),R+16,34.2,62.5,34.4,64.5,"['TX', '05']",TX,5,,,,,,,,,,,,,,,,,,,,,,,,
TX-06,Ron Wright (R),R+9,41.6,53.8,40.8,57.9,"['TX', '06']",TX,6,Texas 6,R+9,Ron Wright  (R),53.1% R,Likely R,Likely R,Likely R,Likely R,Safe R,Safe R,Safe R,3.0,4.0,0.0,0.0,0.0,0.0,0.0,0.0,0.0,Likely R,4.0,0.5714285714285714,"['Texas', '6']"
TX-07,Lizzie Fletcher (D),R+7,48.2,46.8,38.6,59.9,"['TX', '07']",TX,7,Texas 7,R+7,Lizzie Fletcher  (D),52.5% D,Lean D,Lean D,Lean D,Tossup,Lean D,Lean D,Likely D,0.0,0.0,0.0,0.0,1.0,0.0,1.0,5.0,0.0,Lean D,5.0,0.7142857142857143,"['Texas', '7']"
TX-08,Kevin Brady (R),R+28,23.6,71.9,21.7,77.0,"['TX', '08']",TX,8,,,,,,,,,,,,,,,,,,,,,,,,
TX-09,Al Green (D),D+29,79.1,18.0,78.0,21.2,"['TX', '09']",TX,9,,,,,,,,,,,,,,,,,,,,,,,,
TX-10,Michael McCaul (R),R+9,42.8,51.9,38.8,59.1,"['TX', '10']",TX,10,Texas 10,R+9,Michael McCaul  (R),51.1% R,Lean R,Likely R,Lean R,Lean R,Lean R,Tossup,Tossup,0.0,1.0,4.0,0.0,2.0,0.0,0.0,0.0,0.0,Lean R,4.0,0.5714285714285714,"['Texas', '10']"
TX-11,Mike Conaway (R),R+32,19.0,77.5,19.6,79.2,"['TX', '11']",TX,11,,,,,,,,,,,,,,,,,,,,,,,,
TX-12,Kay Granger (R),R+18,32.5,62.4,31.7,66.8,"['TX', '12']",TX,12,,,,,,,,,,,,,,,,,,,,,,,,
TX-13,Mac Thornberry (R),R+33,16.8,79.5,18.5,80.2,"['TX', '13']",TX,13,,,,,,,,,,,,,,,,,,,,,,,,
TX-14,Randy Weber (R),R+12,38.3,58.0,39.5,59.3,"['TX', '14']",TX,14,,,,,,,,,,,,,,,,,,,,,,,,
TX-15,Vicente Gonzalez (D),D+7,56.2,39.7,57.4,41.6,"['TX', '15']",TX,15,,,,,,,,,,,,,,,,,,,,,,,,
TX-16,Veronica Escobar (D),D+17,67.2,26.9,64.2,34.5,"['TX', '16']",TX,16,,,,,,,,,,,,,,,,,,,,,,,,
TX-17,Bill Flores (R),R+12,38.4,55.7,37.7,60.4,"['TX', '17']",TX,17,Texas 17,R+12,Bill Flores  (R)  (Retiring),56.8% R,Safe R,Safe R,Safe R,Likely R,Safe R,Safe R,Safe R,6.0,1.0,0.0,0.0,0.0,0.0,0.0,0.0,0.0,Safe R,6.0,0.8571428571428571,"['Texas', '17']"
TX-18,Sheila Jackson Lee (D),D+27,76.2,19.9,76.1,22.8,"['TX', '18']",TX,18,,,,,,,,,,,,,,,,,,,,,,,,
TX-19,Jodey Arrington (R),R+27,23.3,72.0,25.0,73.6,"['TX', '19']",TX,19,,,,,,,,,,,,,,,,,,,,,,,,
TX-20,Joaquin Castro (D),D+10,60.2,33.9,58.9,39.7,"['TX', '20']",TX,20,,,,,,,,,,,,,,,,,,,,,,,,
TX-21,Chip Roy (R),R+10,42.1,51.9,37.9,59.8,"['TX', '21']",TX,21,Texas 21,R+10,Chip Roy  (R),50.2% R,Tossup,Tilt R,Tossup,Lean R,Tossup,Lean R,Likely D  (flip),0.0,0.0,2.0,1.0,3.0,0.0,1.0,0.0,0.0,Tossup,3.0,0.42857142857142855,"['Texas', '21']"
TX-22,Pete Olson (R),R+10,43.9,51.7,36.7,62.1,"['TX', '22']",TX,22,Texas 22,R+10,Pete Olson  (R)  (Retiring),51.4% R,Tossup,Tossup,Tossup,Tossup,Tossup,Tossup,Likely D  (flip),0.0,0.0,0.0,0.0,6.0,0.0,1.0,0.0,0.0,Tossup,6.0,0.8571428571428571,"['Texas', '22']"
TX-23,Will Hurd (R),R+1,49.4,45.9,48.1,50.7,"['TX', '23']",TX,23,Texas 23,R+1,Will Hurd  (R)  (Retiring),49.2% R,Lean D  (flip),Lean D  (flip),Lean D  (flip),Lean D  (flip),Lean D  (flip),Tossup,Likely D  (flip),0.0,0.0,0.0,0.0,1.0,0.0,1.0,5.0,0.0,Lean D,5.0,0.7142857142857143,"['Texas', '23']"
TX-24,Kenny Marchant (R),R+9,44.3,50.5,38.0,60.4,"['TX', '24']",TX,24,Texas 24,R+9,Kenny Marchant  (R)  (Retiring),50.6% R,Tossup,Tossup,Tossup,Tossup,Tossup,Tossup,Lean D  (flip),0.0,0.0,0.0,0.0,6.0,0.0,0.0,1.0,0.0,Tossup,6.0,0.8571428571428571,"['Texas', '24']"
TX-25,Roger Williams (R),R+11,39.9,54.7,37.8,59.9,"['TX', '25']",TX,25,Texas 25,R+11,Roger Williams  (R),53.5% R,Likely R,Likely R,Likely R,Likely R,Likely R,Safe R,Tossup,1.0,5.0,0.0,0.0,1.0,0.0,0.0,0.0,0.0,Likely R,5.0,0.7142857142857143,"['Texas', '25']"
TX-26,Michael Burgess (R),R+18,34.0,60.3,30.7,67.6,"['TX', '26']",TX,26,,,,,,,,,,,,,,,,,,,,,,,,
TX-27,Michael Cloud (R),R+13,36.4,59.8,38.2,60.5,"['TX', '27']",TX,27,,,,,,,,,,,,,,,,,,,,,,,,
TX-28,Henry Cuellar (D),D+9,57.8,38.1,60.3,38.7,"['TX', '28']",TX,28,,,,,,,,,,,,,,,,,,,,,,,,
TX-29,Sylvia Garcia (D),D+19,71.0,25.4,65.9,33.0,"['TX', '29']",TX,29,,,,,,,,,,,,,,,,,,,,,,,,
TX-30,Eddie Bernice Johnson (D),D+29,79.1,18.3,79.6,19.7,"['TX', '30']",TX,30,,,,,,,,,,,,,,,,,,,,,,,,
TX-31,John Carter (R),R+10,40.1,52.6,38.2,59.6,"['TX', '31']",TX,31,Texas 31,R+10,John Carter  (R),50.6% R,Likely R,Safe R,Likely R,Lean R,Safe R,Likely R,Tossup,2.0,3.0,1.0,0.0,1.0,0.0,0.0,0.0,0.0,Likely R,3.0,0.42857142857142855,"['Texas', '31']"
TX-32,Colin Allred (D),R+5,48.4,46.6,41.5,57.0,"['TX', '32']",TX,32,Texas 32,R+5,Colin Allred  (D),52.3% D,Likely D,Lean D,Likely D,Lean D,Lean D,Lean D,Likely D,0.0,0.0,0.0,0.0,0.0,0.0,3.0,4.0,0.0,Lean D,4.0,0.5714285714285714,"['Texas', '32']"
TX-33,Marc Veasey (D),D+23,72.8,23.7,72.0,27.1,"['TX', '33']",TX,33,,,,,,,,,,,,,,,,,,,,,,,,
TX-34,Filemon Vela (D),D+10,59.1,37.6,60.7,38.3,"['TX', '34']",TX,34,,,,,,,,,,,,,,,,,,,,,,,,
TX-35,Lloyd Doggett (D),D+15,63.6,30.3,63.0,34.6,"['TX', '35']",TX,35,,,,,,,,,,,,,,,,,,,,,,,,
TX-36,Brian Babin (R),R+26,25.1,71.7,25.7,73.1,"['TX', '36']",TX,36,,,,,,,,,,,,,,,,,,,,,,,,
UT-01,Rob Bishop (R),R+26,22.4,49.7,20.4,77.5,"['UT', '01']",UT,1,,,,,,,,,,,,,,,,,,,,,,,,
UT-02,Chris Stewart (R),R+16,32.0,46.0,29.4,68.4,"['UT', '02']",UT,2,,,,,,,,,,,,,,,,,,,,,,,,
UT-03,John Curtis (R),R+25,23.3,47.2,19.6,78.6,"['UT', '03']",UT,3,,,,,,,,,,,,,,,,,,,,,,,,
UT-04,Ben McAdams (D),R+13,32.4,39.1,30.4,67.6,"['UT', '04']",UT,4,Utah 4,R+13,Ben McAdams  (D),50.1% D,Tossup,Tilt D,Lean D,Tossup,Tossup,Tossup,Tossup,0.0,0.0,0.0,0.0,5.0,0.0,0.0,1.0,1.0,Tossup,5.0,0.7142857142857143,"['Utah', '4']"
VT-AL,Peter Welch (D),D+15,56.7,30.3,66.6,31.0,"['VT', 'AL']",VT,0,,,,,,,,,,,,,,,,,,,,,,,,
VA-01,Rob Wittman (R),R+8,40.9,53.1,,,"['VA', '01']",VA,1,Virginia 1,R+8,Rob Wittman  (R),55.2% R,Safe R,Safe R,Safe R,Likely R,Safe R,Safe R,Safe R,6.0,1.0,0.0,0.0,0.0,0.0,0.0,0.0,0.0,Safe R,6.0,0.8571428571428571,"['Virginia', '1']"
VA-02,Elaine Luria (D),R+3,45.0,48.4,,,"['VA', '02']",VA,2,Virginia 2,R+3,Elaine Luria  (D),51.1% D,Tossup,Lean D,Lean D,Tossup,Lean D,Tossup,Lean D,0.0,0.0,0.0,0.0,3.0,0.0,0.0,4.0,0.0,Lean D,4.0,0.5714285714285714,"['Virginia', '2']"
VA-03,Bobby Scott (D),D+16,63.2,31.7,,,"['VA', '03']",VA,3,,,,,,,,,,,,,,,,,,,,,,,,
VA-04,Don McEachin (D),D+10,58.4,37.0,,,"['VA', '04']",VA,4,,,,,,,,,,,,,,,,,,,,,,,,
VA-05,Denver Riggleman (R),R+6,42.1,53.1,,,"['VA', '05']",VA,5,Virginia 5,R+6,Denver Riggleman  (R)  (Lost Primary),53.2% R,Lean R,Likely R,Lean R,Lean R,Likely R,Likely R,Likely R,0.0,4.0,3.0,0.0,0.0,0.0,0.0,0.0,0.0,Likely R,4.0,0.5714285714285714,"['Virginia', '5']"
VA-06,Ben Cline (R),R+13,34.7,59.3,,,"['VA', '06']",VA,6,,,,,,,,,,,,,,,,,,,,,,,,
VA-07,Abigail Spanberger (D),R+6,43.7,50.2,,,"['VA', '07']",VA,7,Virginia 7,R+6,Abigail Spanberger  (D),50.3% D,Tossup,Tilt D,Lean D,Tossup,Tossup,Tossup,Likely D,0.0,0.0,0.0,0.0,4.0,0.0,1.0,1.0,1.0,Tossup,4.0,0.5714285714285714,"['Virginia', '7']"
VA-08,Don Beyer (D),D+21,72.4,20.6,,,"['VA', '08']",VA,8,,,,,,,,,,,,,,,,,,,,,,,,
VA-09,Morgan Griffith (R),R+19,27.2,68.4,,,"['VA', '09']",VA,9,,,,,,,,,,,,,,,,,,,,,,,,
VA-10,Jennifer Wexton (D),D+1,51.6,41.7,,,"['VA', '10']",VA,10,,,,,,,,,,,,,,,,,,,,,,,,
VA-11,Gerry Connolly (D),D+15,66.1,27.2,,,"['VA', '11']",VA,11,,,,,,,,,,,,,,,,,,,,,,,,
WA-01,Suzan DelBene (D),D+6,54.2,37.8,54.1,43.3,"['WA', '01']",WA,1,,,,,,,,,,,,,,,,,,,,,,,,
WA-02,Rick Larsen (D),D+10,56.9,34.8,59.2,38.0,"['WA', '02']",WA,2,,,,,,,,,,,,,,,,,,,,,,,,
WA-03,Jaime Herrera Beutler (R),R+4,42.5,49.9,47.9,49.6,"['WA', '03']",WA,3,Washington 3,R+4,Jaime Herrera Beutler  (R),52.7% R,Likely R,Likely R,Lean R,Lean R,Likely R,Lean R,Lean R,0.0,3.0,4.0,0.0,0.0,0.0,0.0,0.0,0.0,Lean R,4.0,0.5714285714285714,"['Washington', '3']"
WA-04,Dan Newhouse (R),R+13,35.1,57.9,37.9,59.7,"['WA', '04']",WA,4,,,,,,,,,,,,,,,,,,,,,,,,
WA-05,Cathy McMorris Rodgers (R),R+8,39.1,52.2,43.7,53.5,"['WA', '05']",WA,5,Washington 5,R+8,Cathy McMorris Rodgers  (R),54.8% R,Safe R,Safe R,Safe R,Likely R,Safe R,Safe R,Safe R,6.0,1.0,0.0,0.0,0.0,0.0,0.0,0.0,0.0,Safe R,6.0,0.8571428571428571,"['Washington', '5']"
WA-06,Derek Kilmer (D),D+6,51.8,39.5,56.1,41.2,"['WA', '06']",WA,6,,,,,,,,,,,,,,,,,,,,,,,,
WA-07,Pramila Jayapal (D),D+33,82.1,12.2,79.2,18.1,"['WA', '07']",WA,7,,,,,,,,,,,,,,,,,,,,,,,,
WA-08,Kim Schrier (D),EVEN,47.7,44.7,49.7,48.1,"['WA', '08']",WA,8,Washington 8,EVEN,Kim Schrier  (D),52.4% D,Likely D,Safe D,Likely D,Lean D,Safe D,Likely D,Likely D,0.0,0.0,0.0,0.0,0.0,2.0,4.0,1.0,0.0,Likely D,4.0,0.5714285714285714,"['Washington', '8']"
WA-09,Adam Smith (D),D+21,70.4,23.4,68.3,29.6,"['WA', '09']",WA,9,,,,,,,,,,,,,,,,,,,,,,,,
WA-10,Denny Heck (D),D+5,51.2,39.9,56.3,41.1,"['WA', '10']",WA,10,Washington 10,D+5,Denny Heck  (D)  (Retiring),61.5% D,Safe D,Safe D,Safe D,Likely D,Safe D,Safe D,Safe D,0.0,0.0,0.0,0.0,0.0,6.0,1.0,0.0,0.0,Safe D,6.0,0.8571428571428571,"['Washington', '10']"
WV-01,David McKinley (R),R+19,26.4,68.0,35.5,62.2,"['WV', '01']",WV,1,,,,,,,,,,,,,,,,,,,,,,,,
WV-02,Alex Mooney (R),R+17,29.4,65.8,38.0,60.0,"['WV', '02']",WV,2,West Virginia 2,R+17,Alex Mooney  (R),54.0% R,Safe R,Safe R,Safe R,Likely R,Safe R,Safe R,Safe R,6.0,1.0,0.0,0.0,0.0,0.0,0.0,0.0,0.0,Safe R,6.0,0.8571428571428571,"['West Virginia', '2']"
WV-03,Carol Miller (R),R+23,23.3,72.5,32.8,65.0,"['WV', '03']",WV,3,West Virginia 3,R+23,Carol Miller  (R),56.4% R,Safe R,Safe R,Safe R,Likely R,Safe R,Safe R,Safe R,6.0,1.0,0.0,0.0,0.0,0.0,0.0,0.0,0.0,Safe R,6.0,0.8571428571428571,"['West Virginia', '3']"
WI-01,Bryan Steil (R),R+5,41.8,52.1,47.4,51.6,"['WI', '01']",WI,1,Wisconsin 1,R+5,Bryan Steil  (R),54.6% R,Safe R,Safe R,Safe R,Likely R,Safe R,Safe R,Safe R,6.0,1.0,0.0,0.0,0.0,0.0,0.0,0.0,0.0,Safe R,6.0,0.8571428571428571,"['Wisconsin', '1']"
WI-02,Mark Pocan (D),D+18,64.9,28.6,68.2,30.4,"['WI', '02']",WI,2,,,,,,,,,,,,,,,,,,,,,,,,
WI-03,Ron Kind (D),EVEN,44.3,48.8,54.7,43.7,"['WI', '03']",WI,3,Wisconsin 3,EVEN,Ron Kind  (D),59.7% D,Likely D,Safe D,Likely D,Likely D,Safe D,Likely D,Safe D,0.0,0.0,0.0,0.0,0.0,3.0,4.0,0.0,0.0,Likely D,4.0,0.5714285714285714,"['Wisconsin', '3']"
WI-04,Gwen Moore (D),D+25,73.0,21.5,75.2,23.7,"['WI', '04']",WI,4,,,,,,,,,,,,,,,,,,,,,,,,
WI-05,Jim Sensenbrenner (R),R+13,36.7,56.5,37.7,61.2,"['WI', '05']",WI,5,,,,,,,,,,,,,,,,,,,,,,,,
WI-06,Glenn Grothman (R),R+8,38.2,54.8,45.7,53.0,"['WI', '06']",WI,6,Wisconsin 6,R+8,Glenn Grothman  (R),55.5% R,Safe R,Safe R,Safe R,Likely R,Safe R,Safe R,Safe R,6.0,1.0,0.0,0.0,0.0,0.0,0.0,0.0,0.0,Safe R,6.0,0.8571428571428571,"['Wisconsin', '6']"
WI-07,Sean Duffy (R),R+8,36.9,57.2,47.7,50.8,"['WI', '07']",WI,7,Wisconsin 7,R+8,Tom Tiffany  (R),57.2% R,Safe R,Safe R,Safe R,Likely R,Safe R,Safe R,Safe R,6.0,1.0,0.0,0.0,0.0,0.0,0.0,0.0,0.0,Safe R,6.0,0.8571428571428571,"['Wisconsin', '7']"
WI-08,Mike Gallagher (R),R+7,38.3,55.7,47.5,51.2,"['WI', '08']",WI,8,,,,,,,,,,,,,,,,,,,,,,,,
WY-AL,Liz Cheney (R),R+25,21.9,68.2,27.8,68.6,"['WY', 'AL']",WY,0,,,,,,,,,,,,,,,,,,,,,,,,
